"layer"	"object"	"table"	"record_count"	"column_order"	"column_name"
"classification"	"canonical_protein_membrane_class"	"canonical_protein_membrane_class_v72.tsv.gz"	"7800"	"1"	"canonical_uniprot_accession"
"classification"	"canonical_protein_membrane_class"	"canonical_protein_membrane_class_v72.tsv.gz"	"7800"	"2"	"canonical_protein_entity_id"
"classification"	"canonical_protein_membrane_class"	"canonical_protein_membrane_class_v72.tsv.gz"	"7800"	"3"	"gene_entity_id"
"classification"	"canonical_protein_membrane_class"	"canonical_protein_membrane_class_v72.tsv.gz"	"7800"	"4"	"approved_symbol"
"classification"	"canonical_protein_membrane_class"	"canonical_protein_membrane_class_v72.tsv.gz"	"7800"	"5"	"membrane_class"
"classification"	"canonical_protein_membrane_class"	"canonical_protein_membrane_class_v72.tsv.gz"	"7800"	"6"	"primary_membrane_mode"
"classification"	"canonical_protein_membrane_class"	"canonical_protein_membrane_class_v72.tsv.gz"	"7800"	"7"	"secondary_membrane_modes"
"classification"	"canonical_protein_membrane_class"	"canonical_protein_membrane_class_v72.tsv.gz"	"7800"	"8"	"evidence_level"
"classification"	"canonical_protein_membrane_class"	"canonical_protein_membrane_class_v72.tsv.gz"	"7800"	"9"	"form_specificity"
"classification"	"canonical_protein_membrane_class"	"canonical_protein_membrane_class_v72.tsv.gz"	"7800"	"10"	"public_inclusion"
"classification"	"canonical_protein_membrane_class"	"canonical_protein_membrane_class_v72.tsv.gz"	"7800"	"11"	"classification_scope"
"classification"	"canonical_protein_membrane_class"	"canonical_protein_membrane_class_v72.tsv.gz"	"7800"	"12"	"source_database"
"classification"	"canonical_protein_membrane_class"	"canonical_protein_membrane_class_v72.tsv.gz"	"7800"	"13"	"source_release"
"classification"	"canonical_protein_membrane_class"	"canonical_protein_membrane_class_v72.tsv.gz"	"7800"	"14"	"release_version"
"classification"	"canonical_protein_membrane_class"	"canonical_protein_membrane_class_v72.tsv.gz"	"7800"	"15"	"release_role_v72"
"classification"	"canonical_protein_membrane_class"	"canonical_protein_membrane_class_v72.tsv.gz"	"7800"	"16"	"default_web_inclusion_v72"
"classification"	"canonical_protein_membrane_class"	"canonical_protein_membrane_class_v72.tsv.gz"	"7800"	"17"	"searchable_inclusion_v72"
"classification"	"canonical_protein_membrane_class"	"canonical_protein_membrane_class_v72.tsv.gz"	"7800"	"18"	"release_version_v72"
"relation"	"complex_assembly"	"complex_assembly_v72.tsv.gz"	"4584"	"1"	"complex_assembly_id"
"relation"	"complex_assembly"	"complex_assembly_v72.tsv.gz"	"4584"	"2"	"complex_target_id"
"relation"	"complex_assembly"	"complex_assembly_v72.tsv.gz"	"4584"	"3"	"biological_assembly_id"
"relation"	"complex_assembly"	"complex_assembly_v72.tsv.gz"	"4584"	"4"	"assembly_status"
"relation"	"complex_assembly"	"complex_assembly_v72.tsv.gz"	"4584"	"5"	"component_set_status"
"relation"	"complex_assembly"	"complex_assembly_v72.tsv.gz"	"4584"	"6"	"contributing_databases"
"relation"	"complex_assembly"	"complex_assembly_v72.tsv.gz"	"4584"	"7"	"source_complex_ids"
"relation"	"complex_assembly"	"complex_assembly_v72.tsv.gz"	"4584"	"8"	"release_version"
"relation"	"complex_assembly"	"complex_assembly_v72.tsv.gz"	"4584"	"9"	"complex_module_status_v72"
"relation"	"complex_assembly"	"complex_assembly_v72.tsv.gz"	"4584"	"10"	"complex_module_inclusion_v72"
"relation"	"complex_assembly"	"complex_assembly_v72.tsv.gz"	"4584"	"11"	"record_retained_v72"
"relation"	"complex_assembly"	"complex_assembly_v72.tsv.gz"	"4584"	"12"	"release_version_v72"
"evidence"	"complex_binding_evidence"	"complex_binding_evidence_v72.tsv.gz"	"24954"	"1"	"complex_binding_candidate_id"
"evidence"	"complex_binding_evidence"	"complex_binding_evidence_v72.tsv.gz"	"24954"	"2"	"source_entity_id"
"evidence"	"complex_binding_evidence"	"complex_binding_evidence_v72.tsv.gz"	"24954"	"3"	"source_database"
"evidence"	"complex_binding_evidence"	"complex_binding_evidence_v72.tsv.gz"	"24954"	"4"	"source_complex_id"
"evidence"	"complex_binding_evidence"	"complex_binding_evidence_v72.tsv.gz"	"24954"	"5"	"evidence_scope"
"evidence"	"complex_binding_evidence"	"complex_binding_evidence_v72.tsv.gz"	"24954"	"6"	"evidence_type"
"evidence"	"complex_binding_evidence"	"complex_binding_evidence_v72.tsv.gz"	"24954"	"7"	"compound_name_or_id_raw"
"evidence"	"complex_binding_evidence"	"complex_binding_evidence_v72.tsv.gz"	"24954"	"8"	"compound_internal_id"
"evidence"	"complex_binding_evidence"	"complex_binding_evidence_v72.tsv.gz"	"24954"	"9"	"compound_mapping_status"
"evidence"	"complex_binding_evidence"	"complex_binding_evidence_v72.tsv.gz"	"24954"	"10"	"complex_specificity_status"
"evidence"	"complex_binding_evidence"	"complex_binding_evidence_v72.tsv.gz"	"24954"	"11"	"pubmed_ids"
"evidence"	"complex_binding_evidence"	"complex_binding_evidence_v72.tsv.gz"	"24954"	"12"	"default_release_inclusion"
"evidence"	"complex_binding_evidence"	"complex_binding_evidence_v72.tsv.gz"	"24954"	"13"	"review_reason"
"evidence"	"complex_binding_evidence"	"complex_binding_evidence_v72.tsv.gz"	"24954"	"14"	"complex_target_id"
"evidence"	"complex_binding_evidence"	"complex_binding_evidence_v72.tsv.gz"	"24954"	"15"	"source_compound_id_type"
"evidence"	"complex_binding_evidence"	"complex_binding_evidence_v72.tsv.gz"	"24954"	"16"	"source_compound_id"
"evidence"	"complex_binding_evidence"	"complex_binding_evidence_v72.tsv.gz"	"24954"	"17"	"candidate_entity_type"
"evidence"	"complex_binding_evidence"	"complex_binding_evidence_v72.tsv.gz"	"24954"	"18"	"mapped_compound_preferred_name"
"evidence"	"complex_binding_evidence"	"complex_binding_evidence_v72.tsv.gz"	"24954"	"19"	"source_name_identifier_consistency"
"evidence"	"complex_binding_evidence"	"complex_binding_evidence_v72.tsv.gz"	"24954"	"20"	"complex_relation_directness_status"
"evidence"	"complex_binding_evidence"	"complex_binding_evidence_v72.tsv.gz"	"24954"	"21"	"module_version"
"evidence"	"complex_binding_evidence"	"complex_binding_evidence_v72.tsv.gz"	"24954"	"22"	"v7_entity_assignment"
"evidence"	"complex_binding_evidence"	"complex_binding_evidence_v72.tsv.gz"	"24954"	"23"	"v7_disposition"
"evidence"	"complex_binding_evidence"	"complex_binding_evidence_v72.tsv.gz"	"24954"	"24"	"v7_reason"
"evidence"	"complex_binding_evidence"	"complex_binding_evidence_v72.tsv.gz"	"24954"	"25"	"binding_target_scope_v71"
"evidence"	"complex_binding_evidence"	"complex_binding_evidence_v72.tsv.gz"	"24954"	"26"	"binding_component_id_v71"
"evidence"	"complex_binding_evidence"	"complex_binding_evidence_v72.tsv.gz"	"24954"	"27"	"release_layer_v71"
"evidence"	"complex_binding_evidence"	"complex_binding_evidence_v72.tsv.gz"	"24954"	"28"	"release_version"
"evidence"	"complex_binding_evidence"	"complex_binding_evidence_v72.tsv.gz"	"24954"	"29"	"complex_module_status_v72"
"evidence"	"complex_binding_evidence"	"complex_binding_evidence_v72.tsv.gz"	"24954"	"30"	"complex_module_inclusion_v72"
"evidence"	"complex_binding_evidence"	"complex_binding_evidence_v72.tsv.gz"	"24954"	"31"	"record_retained_v72"
"evidence"	"complex_binding_evidence"	"complex_binding_evidence_v72.tsv.gz"	"24954"	"32"	"release_version_v72"
"relation"	"complex_component"	"complex_component_v72.tsv.gz"	"14825"	"1"	"component_identifier"
"relation"	"complex_component"	"complex_component_v72.tsv.gz"	"14825"	"2"	"component_entity_type"
"relation"	"complex_component"	"complex_component_v72.tsv.gz"	"14825"	"3"	"component_uniprot_id"
"relation"	"complex_component"	"complex_component_v72.tsv.gz"	"14825"	"4"	"component_uniprot_isoform_id"
"relation"	"complex_component"	"complex_component_v72.tsv.gz"	"14825"	"5"	"copy_count"
"relation"	"complex_component"	"complex_component_v72.tsv.gz"	"14825"	"6"	"stoichiometry_status"
"relation"	"complex_component"	"complex_component_v72.tsv.gz"	"14825"	"7"	"component_assertion_id"
"relation"	"complex_component"	"complex_component_v72.tsv.gz"	"14825"	"8"	"source_entity_id"
"relation"	"complex_component"	"complex_component_v72.tsv.gz"	"14825"	"9"	"source_database"
"relation"	"complex_component"	"complex_component_v72.tsv.gz"	"14825"	"10"	"source_complex_id"
"relation"	"complex_component"	"complex_component_v72.tsv.gz"	"14825"	"11"	"component_index"
"relation"	"complex_component"	"complex_component_v72.tsv.gz"	"14825"	"12"	"component_relation"
"relation"	"complex_component"	"complex_component_v72.tsv.gz"	"14825"	"13"	"required_subunit_status"
"relation"	"complex_component"	"complex_component_v72.tsv.gz"	"14825"	"14"	"optional_subunit_status"
"relation"	"complex_component"	"complex_component_v72.tsv.gz"	"14825"	"15"	"membrane_component_flag"
"relation"	"complex_component"	"complex_component_v72.tsv.gz"	"14825"	"16"	"complex_target_id"
"relation"	"complex_component"	"complex_component_v72.tsv.gz"	"14825"	"17"	"component_gene_symbol"
"relation"	"complex_component"	"complex_component_v72.tsv.gz"	"14825"	"18"	"protein_membrane_evidence_level"
"relation"	"complex_component"	"complex_component_v72.tsv.gz"	"14825"	"19"	"protein_website_default_flag"
"relation"	"complex_component"	"complex_component_v72.tsv.gz"	"14825"	"20"	"component_gene_entity_id_v0_4"
"relation"	"complex_component"	"complex_component_v72.tsv.gz"	"14825"	"21"	"component_canonical_protein_entity_id_v0_4"
"relation"	"complex_component"	"complex_component_v72.tsv.gz"	"14825"	"22"	"component_isoform_entity_id_v0_4"
"relation"	"complex_component"	"complex_component_v72.tsv.gz"	"14825"	"23"	"component_reference_level_v0_4"
"relation"	"complex_component"	"complex_component_v72.tsv.gz"	"14825"	"24"	"component_resolution_rule_v0_4"
"relation"	"complex_component"	"complex_component_v72.tsv.gz"	"14825"	"25"	"component_identity_review_flag_v0_4"
"relation"	"complex_component"	"complex_component_v72.tsv.gz"	"14825"	"26"	"source_accession_original_v64"
"relation"	"complex_component"	"complex_component_v72.tsv.gz"	"14825"	"27"	"accession_patch_status_v64"
"relation"	"complex_component"	"complex_component_v72.tsv.gz"	"14825"	"28"	"release_version_v64"
"relation"	"complex_component"	"complex_component_v72.tsv.gz"	"14825"	"29"	"release_version"
"relation"	"complex_component"	"complex_component_v72.tsv.gz"	"14825"	"30"	"complex_module_status_v72"
"relation"	"complex_component"	"complex_component_v72.tsv.gz"	"14825"	"31"	"complex_module_inclusion_v72"
"relation"	"complex_component"	"complex_component_v72.tsv.gz"	"14825"	"32"	"record_retained_v72"
"relation"	"complex_component"	"complex_component_v72.tsv.gz"	"14825"	"33"	"release_version_v72"
"annotation"	"complex_state"	"complex_state_v72.tsv.gz"	"4584"	"1"	"complex_state_id"
"annotation"	"complex_state"	"complex_state_v72.tsv.gz"	"4584"	"2"	"complex_target_id"
"annotation"	"complex_state"	"complex_state_v72.tsv.gz"	"4584"	"3"	"state_name"
"annotation"	"complex_state"	"complex_state_v72.tsv.gz"	"4584"	"4"	"state_condition"
"annotation"	"complex_state"	"complex_state_v72.tsv.gz"	"4584"	"5"	"state_dependent_assembly_status"
"annotation"	"complex_state"	"complex_state_v72.tsv.gz"	"4584"	"6"	"release_version"
"annotation"	"complex_state"	"complex_state_v72.tsv.gz"	"4584"	"7"	"complex_module_status_v72"
"annotation"	"complex_state"	"complex_state_v72.tsv.gz"	"4584"	"8"	"complex_module_inclusion_v72"
"annotation"	"complex_state"	"complex_state_v72.tsv.gz"	"4584"	"9"	"record_retained_v72"
"annotation"	"complex_state"	"complex_state_v72.tsv.gz"	"4584"	"10"	"release_version_v72"
"relation"	"complex_stoichiometry"	"complex_stoichiometry_v72.tsv.gz"	"14825"	"1"	"stoichiometry_assertion_id"
"relation"	"complex_stoichiometry"	"complex_stoichiometry_v72.tsv.gz"	"14825"	"2"	"complex_target_id"
"relation"	"complex_stoichiometry"	"complex_stoichiometry_v72.tsv.gz"	"14825"	"3"	"component_assertion_id"
"relation"	"complex_stoichiometry"	"complex_stoichiometry_v72.tsv.gz"	"14825"	"4"	"component_entity_type"
"relation"	"complex_stoichiometry"	"complex_stoichiometry_v72.tsv.gz"	"14825"	"5"	"component_identifier"
"relation"	"complex_stoichiometry"	"complex_stoichiometry_v72.tsv.gz"	"14825"	"6"	"copy_count"
"relation"	"complex_stoichiometry"	"complex_stoichiometry_v72.tsv.gz"	"14825"	"7"	"stoichiometry_status"
"relation"	"complex_stoichiometry"	"complex_stoichiometry_v72.tsv.gz"	"14825"	"8"	"source_database"
"relation"	"complex_stoichiometry"	"complex_stoichiometry_v72.tsv.gz"	"14825"	"9"	"source_complex_id"
"relation"	"complex_stoichiometry"	"complex_stoichiometry_v72.tsv.gz"	"14825"	"10"	"release_version"
"relation"	"complex_stoichiometry"	"complex_stoichiometry_v72.tsv.gz"	"14825"	"11"	"complex_module_status_v72"
"relation"	"complex_stoichiometry"	"complex_stoichiometry_v72.tsv.gz"	"14825"	"12"	"complex_module_inclusion_v72"
"relation"	"complex_stoichiometry"	"complex_stoichiometry_v72.tsv.gz"	"14825"	"13"	"record_retained_v72"
"relation"	"complex_stoichiometry"	"complex_stoichiometry_v72.tsv.gz"	"14825"	"14"	"release_version_v72"
"entity"	"compound_form"	"compound_form_v72.tsv.gz"	"649792"	"1"	"compound_form_id"
"entity"	"compound_form"	"compound_form_v72.tsv.gz"	"649792"	"2"	"compound_internal_id"
"entity"	"compound_form"	"compound_form_v72.tsv.gz"	"649792"	"3"	"form_type"
"entity"	"compound_form"	"compound_form_v72.tsv.gz"	"649792"	"4"	"exact_smiles"
"entity"	"compound_form"	"compound_form_v72.tsv.gz"	"649792"	"5"	"exact_inchi"
"entity"	"compound_form"	"compound_form_v72.tsv.gz"	"649792"	"6"	"exact_inchikey"
"entity"	"compound_form"	"compound_form_v72.tsv.gz"	"649792"	"7"	"exact_identity_key"
"entity"	"compound_form"	"compound_form_v72.tsv.gz"	"649792"	"8"	"molecular_formula"
"entity"	"compound_form"	"compound_form_v72.tsv.gz"	"649792"	"9"	"molecular_weight"
"entity"	"compound_form"	"compound_form_v72.tsv.gz"	"649792"	"10"	"formal_charge"
"entity"	"compound_form"	"compound_form_v72.tsv.gz"	"649792"	"11"	"source_record_count"
"entity"	"compound_form"	"compound_form_v72.tsv.gz"	"649792"	"12"	"source_databases"
"entity"	"compound_form"	"compound_form_v72.tsv.gz"	"649792"	"13"	"source_compound_ids"
"entity"	"compound_form"	"compound_form_v72.tsv.gz"	"649792"	"14"	"chembl_parent_ids"
"entity"	"compound_form"	"compound_form_v72.tsv.gz"	"649792"	"15"	"chembl_parent_alignment_status"
"entity"	"compound_form"	"compound_form_v72.tsv.gz"	"649792"	"16"	"record_qc_status"
"entity"	"compound_form"	"compound_form_v72.tsv.gz"	"649792"	"17"	"qc_notes"
"entity"	"compound_form"	"compound_form_v72.tsv.gz"	"649792"	"18"	"release_version_v11"
"entity"	"compound_form"	"compound_form_v72.tsv.gz"	"649792"	"19"	"parent_inchikey_v12"
"entity"	"compound_form"	"compound_form_v72.tsv.gz"	"649792"	"20"	"parent_relation_v12"
"entity"	"compound_form"	"compound_form_v72.tsv.gz"	"649792"	"21"	"standardization_status_v12"
"entity"	"compound_form"	"compound_form_v72.tsv.gz"	"649792"	"22"	"release_version_v12"
"entity"	"compound_form"	"compound_form_v72.tsv.gz"	"649792"	"23"	"negative_identity_refresh_v13"
"entity"	"compound_form"	"compound_form_v72.tsv.gz"	"649792"	"24"	"release_version_v13"
"entity"	"compound_form"	"compound_form_v72.tsv.gz"	"649792"	"25"	"release_date_v13"
"entity"	"compound_master"	"compound_master_v72.tsv.gz"	"646670"	"1"	"compound_internal_id"
"entity"	"compound_master"	"compound_master_v72.tsv.gz"	"646670"	"2"	"preferred_name"
"entity"	"compound_master"	"compound_master_v72.tsv.gz"	"646670"	"3"	"preferred_name_source"
"entity"	"compound_master"	"compound_master_v72.tsv.gz"	"646670"	"4"	"compound_scope_status"
"entity"	"compound_master"	"compound_master_v72.tsv.gz"	"646670"	"5"	"compound_scope_class"
"entity"	"compound_master"	"compound_master_v72.tsv.gz"	"646670"	"6"	"identity_confidence"
"entity"	"compound_master"	"compound_master_v72.tsv.gz"	"646670"	"7"	"standard_smiles"
"entity"	"compound_master"	"compound_master_v72.tsv.gz"	"646670"	"8"	"standard_inchi"
"entity"	"compound_master"	"compound_master_v72.tsv.gz"	"646670"	"9"	"standard_inchikey"
"entity"	"compound_master"	"compound_master_v72.tsv.gz"	"646670"	"10"	"identity_key"
"entity"	"compound_master"	"compound_master_v72.tsv.gz"	"646670"	"11"	"connectivity_key"
"entity"	"compound_master"	"compound_master_v72.tsv.gz"	"646670"	"12"	"molecular_formula"
"entity"	"compound_master"	"compound_master_v72.tsv.gz"	"646670"	"13"	"molecular_weight"
"entity"	"compound_master"	"compound_master_v72.tsv.gz"	"646670"	"14"	"exact_mass"
"entity"	"compound_master"	"compound_master_v72.tsv.gz"	"646670"	"15"	"xlogp"
"entity"	"compound_master"	"compound_master_v72.tsv.gz"	"646670"	"16"	"tpsa"
"entity"	"compound_master"	"compound_master_v72.tsv.gz"	"646670"	"17"	"hbond_donor_count"
"entity"	"compound_master"	"compound_master_v72.tsv.gz"	"646670"	"18"	"hbond_acceptor_count"
"entity"	"compound_master"	"compound_master_v72.tsv.gz"	"646670"	"19"	"rotatable_bond_count"
"entity"	"compound_master"	"compound_master_v72.tsv.gz"	"646670"	"20"	"formal_charge"
"entity"	"compound_master"	"compound_master_v72.tsv.gz"	"646670"	"21"	"heavy_atom_count"
"entity"	"compound_master"	"compound_master_v72.tsv.gz"	"646670"	"22"	"ring_count"
"entity"	"compound_master"	"compound_master_v72.tsv.gz"	"646670"	"23"	"max_ring_size"
"entity"	"compound_master"	"compound_master_v72.tsv.gz"	"646670"	"24"	"amide_bond_count"
"entity"	"compound_master"	"compound_master_v72.tsv.gz"	"646670"	"25"	"computed_structural_class"
"entity"	"compound_master"	"compound_master_v72.tsv.gz"	"646670"	"26"	"molecule_types"
"entity"	"compound_master"	"compound_master_v72.tsv.gz"	"646670"	"27"	"form_count"
"entity"	"compound_master"	"compound_master_v72.tsv.gz"	"646670"	"28"	"source_record_count"
"entity"	"compound_master"	"compound_master_v72.tsv.gz"	"646670"	"29"	"source_database_count"
"entity"	"compound_master"	"compound_master_v72.tsv.gz"	"646670"	"30"	"source_databases"
"entity"	"compound_master"	"compound_master_v72.tsv.gz"	"646670"	"31"	"pubchem_cids"
"entity"	"compound_master"	"compound_master_v72.tsv.gz"	"646670"	"32"	"chembl_ids"
"entity"	"compound_master"	"compound_master_v72.tsv.gz"	"646670"	"33"	"chebi_ids"
"entity"	"compound_master"	"compound_master_v72.tsv.gz"	"646670"	"34"	"drugcentral_ids"
"entity"	"compound_master"	"compound_master_v72.tsv.gz"	"646670"	"35"	"gtopdb_ligand_ids"
"entity"	"compound_master"	"compound_master_v72.tsv.gz"	"646670"	"36"	"hmdb_ids"
"entity"	"compound_master"	"compound_master_v72.tsv.gz"	"646670"	"37"	"cas_numbers"
"entity"	"compound_master"	"compound_master_v72.tsv.gz"	"646670"	"38"	"synonym_count"
"entity"	"compound_master"	"compound_master_v72.tsv.gz"	"646670"	"39"	"development_status"
"entity"	"compound_master"	"compound_master_v72.tsv.gz"	"646670"	"40"	"max_chembl_phase"
"entity"	"compound_master"	"compound_master_v72.tsv.gz"	"646670"	"41"	"first_approval_year"
"entity"	"compound_master"	"compound_master_v72.tsv.gz"	"646670"	"42"	"is_approved_drug"
"entity"	"compound_master"	"compound_master_v72.tsv.gz"	"646670"	"43"	"is_clinical_candidate"
"entity"	"compound_master"	"compound_master_v72.tsv.gz"	"646670"	"44"	"is_endogenous_ligand"
"entity"	"compound_master"	"compound_master_v72.tsv.gz"	"646670"	"45"	"is_natural_product"
"entity"	"compound_master"	"compound_master_v72.tsv.gz"	"646670"	"46"	"is_chemical_probe"
"entity"	"compound_master"	"compound_master_v72.tsv.gz"	"646670"	"47"	"compound_category_tags"
"entity"	"compound_master"	"compound_master_v72.tsv.gz"	"646670"	"48"	"chebi_direct_classes"
"entity"	"compound_master"	"compound_master_v72.tsv.gz"	"646670"	"49"	"chebi_roles"
"entity"	"compound_master"	"compound_master_v72.tsv.gz"	"646670"	"50"	"record_qc_status"
"entity"	"compound_master"	"compound_master_v72.tsv.gz"	"646670"	"51"	"qc_notes"
"entity"	"compound_master"	"compound_master_v72.tsv.gz"	"646670"	"52"	"protein_target_count"
"entity"	"compound_master"	"compound_master_v72.tsv.gz"	"646670"	"53"	"best_binding_evidence_level"
"entity"	"compound_master"	"compound_master_v72.tsv.gz"	"646670"	"54"	"BE1_evidence_count"
"entity"	"compound_master"	"compound_master_v72.tsv.gz"	"646670"	"55"	"BE2_evidence_count"
"entity"	"compound_master"	"compound_master_v72.tsv.gz"	"646670"	"56"	"BE3_evidence_count"
"entity"	"compound_master"	"compound_master_v72.tsv.gz"	"646670"	"57"	"binding_evidence_count"
"entity"	"compound_master"	"compound_master_v72.tsv.gz"	"646670"	"58"	"binding_source_count"
"entity"	"compound_master"	"compound_master_v72.tsv.gz"	"646670"	"59"	"binding_sources"
"entity"	"compound_master"	"compound_master_v72.tsv.gz"	"646670"	"60"	"best_standard_value_nM"
"entity"	"compound_master"	"compound_master_v72.tsv.gz"	"646670"	"61"	"release_version"
"entity"	"compound_master"	"compound_master_v72.tsv.gz"	"646670"	"62"	"release_date"
"entity"	"compound_master"	"compound_master_v72.tsv.gz"	"646670"	"63"	"standardization_policy"
"entity"	"compound_master"	"compound_master_v72.tsv.gz"	"646670"	"64"	"incremental_evidence_run_v11"
"entity"	"compound_master"	"compound_master_v72.tsv.gz"	"646670"	"65"	"identity_refresh_v12"
"entity"	"compound_master"	"compound_master_v72.tsv.gz"	"646670"	"66"	"new_source_record_count_v12"
"entity"	"compound_master"	"compound_master_v72.tsv.gz"	"646670"	"67"	"release_version_v12"
"entity"	"compound_master"	"compound_master_v72.tsv.gz"	"646670"	"68"	"release_date_v12"
"entity"	"compound_master"	"compound_master_v72.tsv.gz"	"646670"	"69"	"negative_evidence_count_v13"
"entity"	"compound_master"	"compound_master_v72.tsv.gz"	"646670"	"70"	"negative_target_count_v13"
"entity"	"compound_master"	"compound_master_v72.tsv.gz"	"646670"	"71"	"positive_negative_conflict_pair_count_v13"
"entity"	"compound_master"	"compound_master_v72.tsv.gz"	"646670"	"72"	"negative_identity_refresh_v13"
"entity"	"compound_master"	"compound_master_v72.tsv.gz"	"646670"	"73"	"release_version_v13"
"entity"	"compound_master"	"compound_master_v72.tsv.gz"	"646670"	"74"	"release_date_v13"
"audit"	"contextual_negative_evidence"	"contextual_negative_evidence_v72.tsv.gz"	"1"	"1"	"source_evidence_id"
"audit"	"contextual_negative_evidence"	"contextual_negative_evidence_v72.tsv.gz"	"1"	"2"	"target_uniprot_id"
"audit"	"contextual_negative_evidence"	"contextual_negative_evidence_v72.tsv.gz"	"1"	"3"	"approved_symbol"
"audit"	"contextual_negative_evidence"	"contextual_negative_evidence_v72.tsv.gz"	"1"	"4"	"compound_source_id"
"audit"	"contextual_negative_evidence"	"contextual_negative_evidence_v72.tsv.gz"	"1"	"5"	"compound_name"
"audit"	"contextual_negative_evidence"	"contextual_negative_evidence_v72.tsv.gz"	"1"	"6"	"compound_internal_id"
"audit"	"contextual_negative_evidence"	"contextual_negative_evidence_v72.tsv.gz"	"1"	"7"	"compound_form_id"
"audit"	"contextual_negative_evidence"	"contextual_negative_evidence_v72.tsv.gz"	"1"	"8"	"compound_mapping_status"
"audit"	"contextual_negative_evidence"	"contextual_negative_evidence_v72.tsv.gz"	"1"	"9"	"evidence_tier"
"audit"	"contextual_negative_evidence"	"contextual_negative_evidence_v72.tsv.gz"	"1"	"10"	"evidence_type"
"audit"	"contextual_negative_evidence"	"contextual_negative_evidence_v72.tsv.gz"	"1"	"11"	"activity_type"
"audit"	"contextual_negative_evidence"	"contextual_negative_evidence_v72.tsv.gz"	"1"	"12"	"activity_relation"
"audit"	"contextual_negative_evidence"	"contextual_negative_evidence_v72.tsv.gz"	"1"	"13"	"activity_value"
"audit"	"contextual_negative_evidence"	"contextual_negative_evidence_v72.tsv.gz"	"1"	"14"	"activity_unit"
"audit"	"contextual_negative_evidence"	"contextual_negative_evidence_v72.tsv.gz"	"1"	"15"	"standard_value_nM"
"audit"	"contextual_negative_evidence"	"contextual_negative_evidence_v72.tsv.gz"	"1"	"16"	"activity_outcome"
"audit"	"contextual_negative_evidence"	"contextual_negative_evidence_v72.tsv.gz"	"1"	"17"	"assay_or_mechanism"
"audit"	"contextual_negative_evidence"	"contextual_negative_evidence_v72.tsv.gz"	"1"	"18"	"pdb_ids"
"audit"	"contextual_negative_evidence"	"contextual_negative_evidence_v72.tsv.gz"	"1"	"19"	"binding_site_residues"
"audit"	"contextual_negative_evidence"	"contextual_negative_evidence_v72.tsv.gz"	"1"	"20"	"source_database"
"audit"	"contextual_negative_evidence"	"contextual_negative_evidence_v72.tsv.gz"	"1"	"21"	"source_version"
"audit"	"contextual_negative_evidence"	"contextual_negative_evidence_v72.tsv.gz"	"1"	"22"	"source_record_id"
"audit"	"contextual_negative_evidence"	"contextual_negative_evidence_v72.tsv.gz"	"1"	"23"	"source_url"
"audit"	"contextual_negative_evidence"	"contextual_negative_evidence_v72.tsv.gz"	"1"	"24"	"record_qc_status"
"audit"	"contextual_negative_evidence"	"contextual_negative_evidence_v72.tsv.gz"	"1"	"25"	"original_default_release_inclusion"
"audit"	"contextual_negative_evidence"	"contextual_negative_evidence_v72.tsv.gz"	"1"	"26"	"original_exclusion_reason"
"audit"	"contextual_negative_evidence"	"contextual_negative_evidence_v72.tsv.gz"	"1"	"27"	"review_bucket"
"audit"	"contextual_negative_evidence"	"contextual_negative_evidence_v72.tsv.gz"	"1"	"28"	"review_reason"
"audit"	"contextual_negative_evidence"	"contextual_negative_evidence_v72.tsv.gz"	"1"	"29"	"incremental_source"
"audit"	"contextual_negative_evidence"	"contextual_negative_evidence_v72.tsv.gz"	"1"	"30"	"release_version"
"audit"	"contextual_negative_evidence"	"contextual_negative_evidence_v72.tsv.gz"	"1"	"31"	"pubchem_aid"
"audit"	"contextual_negative_evidence"	"contextual_negative_evidence_v72.tsv.gz"	"1"	"32"	"pubchem_sid"
"audit"	"contextual_negative_evidence"	"contextual_negative_evidence_v72.tsv.gz"	"1"	"33"	"pubchem_cid"
"audit"	"contextual_negative_evidence"	"contextual_negative_evidence_v72.tsv.gz"	"1"	"34"	"identity_resolution_v61"
"audit"	"contextual_negative_evidence"	"contextual_negative_evidence_v72.tsv.gz"	"1"	"35"	"release_action_v61"
"audit"	"contextual_negative_evidence"	"contextual_negative_evidence_v72.tsv.gz"	"1"	"36"	"release_version_v61"
"audit"	"contextual_negative_evidence"	"contextual_negative_evidence_v72.tsv.gz"	"1"	"37"	"unmapped_reason_v61"
"audit"	"contextual_negative_evidence"	"contextual_negative_evidence_v72.tsv.gz"	"1"	"38"	"negative_evidence_id_v62"
"audit"	"contextual_negative_evidence"	"contextual_negative_evidence_v72.tsv.gz"	"1"	"39"	"exact_inchikey_v62"
"audit"	"contextual_negative_evidence"	"contextual_negative_evidence_v72.tsv.gz"	"1"	"40"	"canonical_parent_inchikey_v62"
"audit"	"contextual_negative_evidence"	"contextual_negative_evidence_v72.tsv.gz"	"1"	"41"	"canonical_relation_v62"
"audit"	"contextual_negative_evidence"	"contextual_negative_evidence_v72.tsv.gz"	"1"	"42"	"identity_resolution_v62"
"audit"	"contextual_negative_evidence"	"contextual_negative_evidence_v72.tsv.gz"	"1"	"43"	"positive_negative_conflict_flag_v62"
"audit"	"contextual_negative_evidence"	"contextual_negative_evidence_v72.tsv.gz"	"1"	"44"	"positive_negative_conflict_type_v62"
"audit"	"contextual_negative_evidence"	"contextual_negative_evidence_v72.tsv.gz"	"1"	"45"	"release_action_v62"
"audit"	"contextual_negative_evidence"	"contextual_negative_evidence_v72.tsv.gz"	"1"	"46"	"release_version_v62"
"audit"	"contextual_negative_evidence"	"contextual_negative_evidence_v72.tsv.gz"	"1"	"47"	"unmapped_reason_v62"
"audit"	"contextual_negative_evidence"	"contextual_negative_evidence_v72.tsv.gz"	"1"	"48"	"v7_disposition"
"audit"	"contextual_negative_evidence"	"contextual_negative_evidence_v72.tsv.gz"	"1"	"49"	"v7_rule"
"audit"	"contextual_negative_evidence"	"contextual_negative_evidence_v72.tsv.gz"	"1"	"50"	"negative_evidence_id_v71"
"audit"	"contextual_negative_evidence"	"contextual_negative_evidence_v72.tsv.gz"	"1"	"51"	"negative_release_layer_v71"
"audit"	"contextual_negative_evidence"	"contextual_negative_evidence_v72.tsv.gz"	"1"	"52"	"positive_pair_match_v71"
"audit"	"contextual_negative_evidence"	"contextual_negative_evidence_v72.tsv.gz"	"1"	"53"	"conflict_interpretation_v71"
"audit"	"contextual_negative_evidence"	"contextual_negative_evidence_v72.tsv.gz"	"1"	"54"	"release_version_v71"
"classification"	"disease_anatomical_system"	"disease_anatomical_system_v72.tsv.gz"	"22036"	"1"	"canonical_disease_id"
"classification"	"disease_anatomical_system"	"disease_anatomical_system_v72.tsv.gz"	"22036"	"2"	"anatomical_system_id"
"classification"	"disease_anatomical_system"	"disease_anatomical_system_v72.tsv.gz"	"22036"	"3"	"anatomical_system_name"
"classification"	"disease_anatomical_system"	"disease_anatomical_system_v72.tsv.gz"	"22036"	"4"	"source_anatomy_id"
"classification"	"disease_anatomical_system"	"disease_anatomical_system_v72.tsv.gz"	"22036"	"5"	"source_anatomy_name"
"classification"	"disease_anatomical_system"	"disease_anatomical_system_v72.tsv.gz"	"22036"	"6"	"assertion_status"
"classification"	"disease_anatomical_system"	"disease_anatomical_system_v72.tsv.gz"	"22036"	"7"	"mapping_method"
"classification"	"disease_anatomical_system"	"disease_anatomical_system_v72.tsv.gz"	"22036"	"8"	"keyword_classification_used"
"classification"	"disease_anatomical_system"	"disease_anatomical_system_v72.tsv.gz"	"22036"	"9"	"release_version_v71"
"relation"	"disease_anatomy"	"disease_anatomy_v72.tsv.gz"	"23666"	"1"	"canonical_disease_id"
"relation"	"disease_anatomy"	"disease_anatomy_v72.tsv.gz"	"23666"	"2"	"anatomy_id"
"relation"	"disease_anatomy"	"disease_anatomy_v72.tsv.gz"	"23666"	"3"	"anatomy_name"
"relation"	"disease_anatomy"	"disease_anatomy_v72.tsv.gz"	"23666"	"4"	"assertion_status"
"relation"	"disease_anatomy"	"disease_anatomy_v72.tsv.gz"	"23666"	"5"	"source_disease_id"
"relation"	"disease_anatomy"	"disease_anatomy_v72.tsv.gz"	"23666"	"6"	"hierarchy_distance"
"relation"	"disease_anatomy"	"disease_anatomy_v72.tsv.gz"	"23666"	"7"	"mapping_predicate"
"relation"	"disease_anatomy"	"disease_anatomy_v72.tsv.gz"	"23666"	"8"	"axiom_type"
"relation"	"disease_anatomy"	"disease_anatomy_v72.tsv.gz"	"23666"	"9"	"source_ontology"
"relation"	"disease_anatomy"	"disease_anatomy_v72.tsv.gz"	"23666"	"10"	"uberon_source"
"relation"	"disease_anatomy"	"disease_anatomy_v72.tsv.gz"	"23666"	"11"	"review_flag"
"relation"	"disease_anatomy"	"disease_anatomy_v72.tsv.gz"	"23666"	"12"	"release_version_v71"
"entity"	"disease_entity_master"	"disease_entity_master_v72.tsv.gz"	"3739"	"1"	"canonical_disease_id"
"entity"	"disease_entity_master"	"disease_entity_master_v72.tsv.gz"	"3739"	"2"	"preferred_name"
"entity"	"disease_entity_master"	"disease_entity_master_v72.tsv.gz"	"3739"	"3"	"entity_origin"
"entity"	"disease_entity_master"	"disease_entity_master_v72.tsv.gz"	"3739"	"4"	"mondo_id"
"entity"	"disease_entity_master"	"disease_entity_master_v72.tsv.gz"	"3739"	"5"	"is_obsolete"
"entity"	"disease_entity_master"	"disease_entity_master_v72.tsv.gz"	"3739"	"6"	"definition"
"entity"	"disease_entity_master"	"disease_entity_master_v72.tsv.gz"	"3739"	"7"	"exact_synonyms"
"entity"	"disease_entity_master"	"disease_entity_master_v72.tsv.gz"	"3739"	"8"	"related_synonyms"
"entity"	"disease_entity_master"	"disease_entity_master_v72.tsv.gz"	"3739"	"9"	"official_exact_source_ids"
"entity"	"disease_entity_master"	"disease_entity_master_v72.tsv.gz"	"3739"	"10"	"official_exact_source_id_count"
"entity"	"disease_entity_master"	"disease_entity_master_v72.tsv.gz"	"3739"	"11"	"in_protein_disease_relations"
"entity"	"disease_entity_master"	"disease_entity_master_v72.tsv.gz"	"3739"	"12"	"canonicalization_policy"
"entity"	"disease_entity_master"	"disease_entity_master_v72.tsv.gz"	"3739"	"13"	"release_version_v71"
"relation"	"disease_hierarchy"	"disease_hierarchy_v72.tsv.gz"	"46447"	"1"	"child_disease_id"
"relation"	"disease_hierarchy"	"disease_hierarchy_v72.tsv.gz"	"46447"	"2"	"parent_disease_id"
"relation"	"disease_hierarchy"	"disease_hierarchy_v72.tsv.gz"	"46447"	"3"	"hierarchy_predicate"
"relation"	"disease_hierarchy"	"disease_hierarchy_v72.tsv.gz"	"46447"	"4"	"source_ontology"
"relation"	"disease_hierarchy"	"disease_hierarchy_v72.tsv.gz"	"46447"	"5"	"source_version"
"relation"	"disease_hierarchy"	"disease_hierarchy_v72.tsv.gz"	"46447"	"6"	"release_version_v71"
"entity"	"disease_source_entity"	"disease_source_entity_v72.tsv.gz"	"6231"	"1"	"disease_source_entity_id"
"entity"	"disease_source_entity"	"disease_source_entity_v72.tsv.gz"	"6231"	"2"	"normalized_source_disease_id"
"entity"	"disease_source_entity"	"disease_source_entity_v72.tsv.gz"	"6231"	"3"	"raw_source_disease_ids"
"entity"	"disease_source_entity"	"disease_source_entity_v72.tsv.gz"	"6231"	"4"	"source_disease_names"
"entity"	"disease_source_entity"	"disease_source_entity_v72.tsv.gz"	"6231"	"5"	"source_ontologies"
"entity"	"disease_source_entity"	"disease_source_entity_v72.tsv.gz"	"6231"	"6"	"source_databases"
"entity"	"disease_source_entity"	"disease_source_entity_v72.tsv.gz"	"6231"	"7"	"source_relation_count"
"entity"	"disease_source_entity"	"disease_source_entity_v72.tsv.gz"	"6231"	"8"	"canonical_disease_id"
"entity"	"disease_source_entity"	"disease_source_entity_v72.tsv.gz"	"6231"	"9"	"canonicalization_status"
"entity"	"disease_source_entity"	"disease_source_entity_v72.tsv.gz"	"6231"	"10"	"mapping_predicate"
"entity"	"disease_source_entity"	"disease_source_entity_v72.tsv.gz"	"6231"	"11"	"candidate_mondo_ids"
"entity"	"disease_source_entity"	"disease_source_entity_v72.tsv.gz"	"6231"	"12"	"candidate_mondo_count"
"entity"	"disease_source_entity"	"disease_source_entity_v72.tsv.gz"	"6231"	"13"	"name_based_mapping_used"
"entity"	"disease_source_entity"	"disease_source_entity_v72.tsv.gz"	"6231"	"14"	"release_version_v71"
"classification"	"disease_therapeutic_area"	"disease_therapeutic_area_v72.tsv.gz"	"10860"	"1"	"canonical_disease_id"
"classification"	"disease_therapeutic_area"	"disease_therapeutic_area_v72.tsv.gz"	"10860"	"2"	"opentargets_disease_id"
"classification"	"disease_therapeutic_area"	"disease_therapeutic_area_v72.tsv.gz"	"10860"	"3"	"therapeutic_area_id"
"classification"	"disease_therapeutic_area"	"disease_therapeutic_area_v72.tsv.gz"	"10860"	"4"	"therapeutic_area_name"
"classification"	"disease_therapeutic_area"	"disease_therapeutic_area_v72.tsv.gz"	"10860"	"5"	"membership_type"
"classification"	"disease_therapeutic_area"	"disease_therapeutic_area_v72.tsv.gz"	"10860"	"6"	"source_database"
"classification"	"disease_therapeutic_area"	"disease_therapeutic_area_v72.tsv.gz"	"10860"	"7"	"source_version"
"classification"	"disease_therapeutic_area"	"disease_therapeutic_area_v72.tsv.gz"	"10860"	"8"	"keyword_classification_used"
"classification"	"disease_therapeutic_area"	"disease_therapeutic_area_v72.tsv.gz"	"10860"	"9"	"release_version_v71"
"relation"	"disease_xref_mapping"	"disease_xref_mapping_v72.tsv.gz"	"69356"	"1"	"source_disease_id"
"relation"	"disease_xref_mapping"	"disease_xref_mapping_v72.tsv.gz"	"69356"	"2"	"canonical_mondo_id"
"relation"	"disease_xref_mapping"	"disease_xref_mapping_v72.tsv.gz"	"69356"	"3"	"mapping_predicate"
"relation"	"disease_xref_mapping"	"disease_xref_mapping_v72.tsv.gz"	"69356"	"4"	"mapping_relation"
"relation"	"disease_xref_mapping"	"disease_xref_mapping_v72.tsv.gz"	"69356"	"5"	"official_mapping_source"
"relation"	"disease_xref_mapping"	"disease_xref_mapping_v72.tsv.gz"	"69356"	"6"	"identity_merge_candidate"
"relation"	"disease_xref_mapping"	"disease_xref_mapping_v72.tsv.gz"	"69356"	"7"	"exact_mapping_target_count"
"relation"	"disease_xref_mapping"	"disease_xref_mapping_v72.tsv.gz"	"69356"	"8"	"automatic_identity_merge_allowed"
"relation"	"disease_xref_mapping"	"disease_xref_mapping_v72.tsv.gz"	"69356"	"9"	"release_version_v71"
"audit"	"evidence_conflict"	"evidence_conflict_v72.tsv.gz"	"1"	"1"	"conflict_id"
"audit"	"evidence_conflict"	"evidence_conflict_v72.tsv.gz"	"1"	"2"	"target_uniprot_id"
"audit"	"evidence_conflict"	"evidence_conflict_v72.tsv.gz"	"1"	"3"	"compound_internal_id"
"audit"	"evidence_conflict"	"evidence_conflict_v72.tsv.gz"	"1"	"4"	"negative_evidence_count"
"audit"	"evidence_conflict"	"evidence_conflict_v72.tsv.gz"	"1"	"5"	"negative_sources"
"audit"	"evidence_conflict"	"evidence_conflict_v72.tsv.gz"	"1"	"6"	"conflict_type"
"audit"	"evidence_conflict"	"evidence_conflict_v72.tsv.gz"	"1"	"7"	"automatic_interpretation"
"audit"	"evidence_conflict"	"evidence_conflict_v72.tsv.gz"	"1"	"8"	"positive_retained"
"audit"	"evidence_conflict"	"evidence_conflict_v72.tsv.gz"	"1"	"9"	"negative_retained_contextually"
"audit"	"evidence_conflict"	"evidence_conflict_v72.tsv.gz"	"1"	"10"	"release_version"
"lineage"	"evidence_lineage"	"evidence_lineage_v72.tsv.gz"	"942455"	"1"	"evidence_id"
"lineage"	"evidence_lineage"	"evidence_lineage_v72.tsv.gz"	"942455"	"2"	"source_database"
"lineage"	"evidence_lineage"	"evidence_lineage_v72.tsv.gz"	"942455"	"3"	"source_version"
"lineage"	"evidence_lineage"	"evidence_lineage_v72.tsv.gz"	"942455"	"4"	"source_record_id"
"lineage"	"evidence_lineage"	"evidence_lineage_v72.tsv.gz"	"942455"	"5"	"pubmed_ids"
"lineage"	"evidence_lineage"	"evidence_lineage_v72.tsv.gz"	"942455"	"6"	"doi"
"lineage"	"evidence_lineage"	"evidence_lineage_v72.tsv.gz"	"942455"	"7"	"experiment_lineage_key"
"lineage"	"evidence_lineage"	"evidence_lineage_v72.tsv.gz"	"942455"	"8"	"structure_lineage_key"
"lineage"	"evidence_lineage"	"evidence_lineage_v72.tsv.gz"	"942455"	"9"	"evidence_modality"
"lineage"	"evidence_lineage"	"evidence_lineage_v72.tsv.gz"	"942455"	"10"	"experiment_key_record_count"
"lineage"	"evidence_lineage"	"evidence_lineage_v72.tsv.gz"	"942455"	"11"	"experiment_key_database_count"
"lineage"	"evidence_lineage"	"evidence_lineage_v72.tsv.gz"	"942455"	"12"	"structure_key_record_count"
"lineage"	"evidence_lineage"	"evidence_lineage_v72.tsv.gz"	"942455"	"13"	"structure_key_database_count"
"lineage"	"evidence_lineage"	"evidence_lineage_v72.tsv.gz"	"942455"	"14"	"cross_database_experiment_mirror_status"
"lineage"	"evidence_lineage"	"evidence_lineage_v72.tsv.gz"	"942455"	"15"	"cross_database_structure_mirror_status"
"lineage"	"evidence_lineage"	"evidence_lineage_v72.tsv.gz"	"942455"	"16"	"independence_semantics"
"lineage"	"evidence_lineage"	"evidence_lineage_v72.tsv.gz"	"942455"	"17"	"release_version"
"lineage"	"evidence_lineage"	"evidence_lineage_v72.tsv.gz"	"942455"	"18"	"legacy_source_database_v72"
"lineage"	"evidence_lineage"	"evidence_lineage_v72.tsv.gz"	"942455"	"19"	"legacy_source_record_id_v72"
"lineage"	"evidence_lineage"	"evidence_lineage_v72.tsv.gz"	"942455"	"20"	"source_provenance_resolution_v72"
"lineage"	"evidence_lineage"	"evidence_lineage_v72.tsv.gz"	"942455"	"21"	"distinct_database_is_not_independent_experiment_v72"
"lineage"	"evidence_lineage"	"evidence_lineage_v72.tsv.gz"	"942455"	"22"	"release_version_v72"
"lineage"	"evidence_target_entity_assignment"	"evidence_target_entity_assignment_v72.tsv.gz"	"942455"	"1"	"evidence_id"
"lineage"	"evidence_target_entity_assignment"	"evidence_target_entity_assignment_v72.tsv.gz"	"942455"	"2"	"source_database"
"lineage"	"evidence_target_entity_assignment"	"evidence_target_entity_assignment_v72.tsv.gz"	"942455"	"3"	"source_record_id"
"lineage"	"evidence_target_entity_assignment"	"evidence_target_entity_assignment_v72.tsv.gz"	"942455"	"4"	"source_target_identifier"
"lineage"	"evidence_target_entity_assignment"	"evidence_target_entity_assignment_v72.tsv.gz"	"942455"	"5"	"canonical_uniprot_accession"
"lineage"	"evidence_target_entity_assignment"	"evidence_target_entity_assignment_v72.tsv.gz"	"942455"	"6"	"target_entity_type_v71"
"lineage"	"evidence_target_entity_assignment"	"evidence_target_entity_assignment_v72.tsv.gz"	"942455"	"7"	"target_entity_id_v71"
"lineage"	"evidence_target_entity_assignment"	"evidence_target_entity_assignment_v72.tsv.gz"	"942455"	"8"	"protein_form_specificity_v71"
"lineage"	"evidence_target_entity_assignment"	"evidence_target_entity_assignment_v72.tsv.gz"	"942455"	"9"	"protein_isoform_entity_id"
"lineage"	"evidence_target_entity_assignment"	"evidence_target_entity_assignment_v72.tsv.gz"	"942455"	"10"	"processed_form_id"
"lineage"	"evidence_target_entity_assignment"	"evidence_target_entity_assignment_v72.tsv.gz"	"942455"	"11"	"complex_target_id"
"lineage"	"evidence_target_entity_assignment"	"evidence_target_entity_assignment_v72.tsv.gz"	"942455"	"12"	"assignment_resolution_v71"
"lineage"	"evidence_target_entity_assignment"	"evidence_target_entity_assignment_v72.tsv.gz"	"942455"	"13"	"assignment_limitations_v71"
"lineage"	"evidence_target_entity_assignment"	"evidence_target_entity_assignment_v72.tsv.gz"	"942455"	"14"	"release_version"
"lineage"	"evidence_target_entity_assignment"	"evidence_target_entity_assignment_v72.tsv.gz"	"942455"	"15"	"legacy_source_database_v72"
"lineage"	"evidence_target_entity_assignment"	"evidence_target_entity_assignment_v72.tsv.gz"	"942455"	"16"	"legacy_source_record_id_v72"
"lineage"	"evidence_target_entity_assignment"	"evidence_target_entity_assignment_v72.tsv.gz"	"942455"	"17"	"target_entity_type_v72"
"lineage"	"evidence_target_entity_assignment"	"evidence_target_entity_assignment_v72.tsv.gz"	"942455"	"18"	"target_entity_id_v72"
"lineage"	"evidence_target_entity_assignment"	"evidence_target_entity_assignment_v72.tsv.gz"	"942455"	"19"	"protein_form_specificity_v72"
"lineage"	"evidence_target_entity_assignment"	"evidence_target_entity_assignment_v72.tsv.gz"	"942455"	"20"	"assignment_policy_v72"
"lineage"	"evidence_target_entity_assignment"	"evidence_target_entity_assignment_v72.tsv.gz"	"942455"	"21"	"record_retained_v72"
"lineage"	"evidence_target_entity_assignment"	"evidence_target_entity_assignment_v72.tsv.gz"	"942455"	"22"	"release_version_v72"
"observation"	"expression_measurement"	"expression_measurement_v72.tsv.gz"	"3046789"	"1"	"expression_record_id"
"observation"	"expression_measurement"	"expression_measurement_v72.tsv.gz"	"3046789"	"2"	"target_uniprot_id"
"observation"	"expression_measurement"	"expression_measurement_v72.tsv.gz"	"3046789"	"3"	"membrane_protein_id"
"observation"	"expression_measurement"	"expression_measurement_v72.tsv.gz"	"3046789"	"4"	"hpa_ensembl_gene_id"
"observation"	"expression_measurement"	"expression_measurement_v72.tsv.gz"	"3046789"	"5"	"hpa_gene_name"
"observation"	"expression_measurement"	"expression_measurement_v72.tsv.gz"	"3046789"	"6"	"source_dataset"
"observation"	"expression_measurement"	"expression_measurement_v72.tsv.gz"	"3046789"	"7"	"source_version"
"observation"	"expression_measurement"	"expression_measurement_v72.tsv.gz"	"3046789"	"8"	"measurement_layer"
"observation"	"expression_measurement"	"expression_measurement_v72.tsv.gz"	"3046789"	"9"	"measurement_type"
"observation"	"expression_measurement"	"expression_measurement_v72.tsv.gz"	"3046789"	"10"	"tissue"
"observation"	"expression_measurement"	"expression_measurement_v72.tsv.gz"	"3046789"	"11"	"tissue_ontology_id"
"observation"	"expression_measurement"	"expression_measurement_v72.tsv.gz"	"3046789"	"12"	"tissue_ontology_label"
"observation"	"expression_measurement"	"expression_measurement_v72.tsv.gz"	"3046789"	"13"	"tissue_mapping_status"
"observation"	"expression_measurement"	"expression_measurement_v72.tsv.gz"	"3046789"	"14"	"cell_type"
"observation"	"expression_measurement"	"expression_measurement_v72.tsv.gz"	"3046789"	"15"	"cell_type_ontology_id"
"observation"	"expression_measurement"	"expression_measurement_v72.tsv.gz"	"3046789"	"16"	"cell_type_ontology_label"
"observation"	"expression_measurement"	"expression_measurement_v72.tsv.gz"	"3046789"	"17"	"cell_type_mapping_status"
"observation"	"expression_measurement"	"expression_measurement_v72.tsv.gz"	"3046789"	"18"	"cluster"
"observation"	"expression_measurement"	"expression_measurement_v72.tsv.gz"	"3046789"	"19"	"value"
"observation"	"expression_measurement"	"expression_measurement_v72.tsv.gz"	"3046789"	"20"	"unit"
"observation"	"expression_measurement"	"expression_measurement_v72.tsv.gz"	"3046789"	"21"	"detection_status"
"observation"	"expression_measurement"	"expression_measurement_v72.tsv.gz"	"3046789"	"22"	"reliability"
"observation"	"expression_measurement"	"expression_measurement_v72.tsv.gz"	"3046789"	"23"	"protein_mapping_status"
"observation"	"expression_measurement"	"expression_measurement_v72.tsv.gz"	"3046789"	"24"	"module_version"
"observation"	"expression_measurement"	"expression_measurement_v72.tsv.gz"	"3046789"	"25"	"v7_expression_layer"
"observation"	"expression_measurement"	"expression_measurement_v72.tsv.gz"	"3046789"	"26"	"v7_mapping_state"
"observation"	"expression_measurement"	"expression_measurement_v72.tsv.gz"	"3046789"	"27"	"mapping_status_v71"
"observation"	"expression_measurement"	"expression_measurement_v72.tsv.gz"	"3046789"	"28"	"measurement_status_v71"
"observation"	"expression_measurement"	"expression_measurement_v72.tsv.gz"	"3046789"	"29"	"detection_status_v71"
"observation"	"expression_measurement"	"expression_measurement_v72.tsv.gz"	"3046789"	"30"	"assay_semantics_v71"
"observation"	"expression_measurement"	"expression_measurement_v72.tsv.gz"	"3046789"	"31"	"biological_context_v71"
"observation"	"expression_measurement"	"expression_measurement_v72.tsv.gz"	"3046789"	"32"	"mapped_measured_denominator_eligible_v71"
"observation"	"expression_measurement"	"expression_measurement_v72.tsv.gz"	"3046789"	"33"	"missingness_limitation_v71"
"observation"	"expression_measurement"	"expression_measurement_v72.tsv.gz"	"3046789"	"34"	"release_version_v71"
"observation"	"expression_measurement"	"expression_measurement_v72.tsv.gz"	"3046789"	"35"	"legacy_v7_expression_layer_original"
"observation"	"expression_measurement"	"expression_measurement_v72.tsv.gz"	"3046789"	"36"	"expression_layer_v711"
"observation"	"expression_measurement"	"expression_measurement_v72.tsv.gz"	"3046789"	"37"	"measurement_status_v711"
"observation"	"expression_measurement"	"expression_measurement_v72.tsv.gz"	"3046789"	"38"	"detection_status_v711"
"observation"	"expression_measurement"	"expression_measurement_v72.tsv.gz"	"3046789"	"39"	"semantic_qc_v711"
"observation"	"expression_measurement"	"expression_measurement_v72.tsv.gz"	"3046789"	"40"	"release_version_v711"
"observation"	"expression_measurement"	"expression_measurement_v72.tsv.gz"	"3046789"	"41"	"hpa_denominator_policy_v72"
"observation"	"expression_measurement"	"expression_measurement_v72.tsv.gz"	"3046789"	"42"	"hpa_missingness_status_v72"
"observation"	"expression_measurement"	"expression_measurement_v72.tsv.gz"	"3046789"	"43"	"release_version_v72"
"entity"	"gene_membrane_summary"	"gene_membrane_summary_v72.tsv.gz"	"7800"	"1"	"gene_entity_id"
"entity"	"gene_membrane_summary"	"gene_membrane_summary_v72.tsv.gz"	"7800"	"2"	"approved_symbol"
"entity"	"gene_membrane_summary"	"gene_membrane_summary_v72.tsv.gz"	"7800"	"3"	"canonical_uniprot_accession"
"entity"	"gene_membrane_summary"	"gene_membrane_summary_v72.tsv.gz"	"7800"	"4"	"canonical_membrane_class"
"entity"	"gene_membrane_summary"	"gene_membrane_summary_v72.tsv.gz"	"7800"	"5"	"canonical_evidence_level"
"entity"	"gene_membrane_summary"	"gene_membrane_summary_v72.tsv.gz"	"7800"	"6"	"isoform_count"
"entity"	"gene_membrane_summary"	"gene_membrane_summary_v72.tsv.gz"	"7800"	"7"	"isoform_confirmed_class_count"
"entity"	"gene_membrane_summary"	"gene_membrane_summary_v72.tsv.gz"	"7800"	"8"	"isoform_prediction_only_count"
"entity"	"gene_membrane_summary"	"gene_membrane_summary_v72.tsv.gz"	"7800"	"9"	"processed_form_count"
"entity"	"gene_membrane_summary"	"gene_membrane_summary_v72.tsv.gz"	"7800"	"10"	"gene_summary_semantics"
"entity"	"gene_membrane_summary"	"gene_membrane_summary_v72.tsv.gz"	"7800"	"11"	"release_version"
"observation"	"hpa_protein_coverage_state"	"hpa_protein_coverage_state_v72.tsv"	"7800"	"1"	"target_uniprot_id"
"observation"	"hpa_protein_coverage_state"	"hpa_protein_coverage_state_v72.tsv"	"7800"	"2"	"tissue_RNA_state"
"observation"	"hpa_protein_coverage_state"	"hpa_protein_coverage_state_v72.tsv"	"7800"	"3"	"cell_type_RNA_state"
"observation"	"hpa_protein_coverage_state"	"hpa_protein_coverage_state_v72.tsv"	"7800"	"4"	"IHC_state"
"observation"	"hpa_protein_coverage_state"	"hpa_protein_coverage_state_v72.tsv"	"7800"	"5"	"subcellular_localization_state"
"observation"	"hpa_protein_coverage_state"	"hpa_protein_coverage_state_v72.tsv"	"7800"	"6"	"interpretation"
"evidence"	"interaction_site"	"interaction_site_v72.tsv.gz"	"55610"	"1"	"site_record_id"
"evidence"	"interaction_site"	"interaction_site_v72.tsv.gz"	"55610"	"2"	"evidence_id"
"evidence"	"interaction_site"	"interaction_site_v72.tsv.gz"	"55610"	"3"	"target_uniprot_id"
"evidence"	"interaction_site"	"interaction_site_v72.tsv.gz"	"55610"	"4"	"compound_internal_id"
"evidence"	"interaction_site"	"interaction_site_v72.tsv.gz"	"55610"	"5"	"compound_form_id"
"evidence"	"interaction_site"	"interaction_site_v72.tsv.gz"	"55610"	"6"	"source_database"
"evidence"	"interaction_site"	"interaction_site_v72.tsv.gz"	"55610"	"7"	"source_record_status"
"evidence"	"interaction_site"	"interaction_site_v72.tsv.gz"	"55610"	"8"	"source_site_type"
"evidence"	"interaction_site"	"interaction_site_v72.tsv.gz"	"55610"	"9"	"source_pdb_ids"
"evidence"	"interaction_site"	"interaction_site_v72.tsv.gz"	"55610"	"10"	"source_reported_residues"
"evidence"	"interaction_site"	"interaction_site_v72.tsv.gz"	"55610"	"11"	"mapped_structure_residues"
"evidence"	"interaction_site"	"interaction_site_v72.tsv.gz"	"55610"	"12"	"unmapped_source_residues"
"evidence"	"interaction_site"	"interaction_site_v72.tsv.gz"	"55610"	"13"	"requested_residue_count"
"evidence"	"interaction_site"	"interaction_site_v72.tsv.gz"	"55610"	"14"	"mapped_residue_count"
"evidence"	"interaction_site"	"interaction_site_v72.tsv.gz"	"55610"	"15"	"observed_residue_count"
"evidence"	"interaction_site"	"interaction_site_v72.tsv.gz"	"55610"	"16"	"mapping_fraction"
"evidence"	"interaction_site"	"interaction_site_v72.tsv.gz"	"55610"	"17"	"site_residue_status"
"evidence"	"interaction_site"	"interaction_site_v72.tsv.gz"	"55610"	"18"	"coordinate_mapping_status"
"evidence"	"interaction_site"	"interaction_site_v72.tsv.gz"	"55610"	"19"	"coordinate_mapping_method"
"evidence"	"interaction_site"	"interaction_site_v72.tsv.gz"	"55610"	"20"	"coordinate_confidence"
"evidence"	"interaction_site"	"interaction_site_v72.tsv.gz"	"55610"	"21"	"selected_pdb_id"
"evidence"	"interaction_site"	"interaction_site_v72.tsv.gz"	"55610"	"22"	"selected_chain"
"evidence"	"interaction_site"	"interaction_site_v72.tsv.gz"	"55610"	"23"	"candidate_chains"
"evidence"	"interaction_site"	"interaction_site_v72.tsv.gz"	"55610"	"24"	"chain_assignment_status"
"evidence"	"interaction_site"	"interaction_site_v72.tsv.gz"	"55610"	"25"	"chain_selection_basis"
"evidence"	"interaction_site"	"interaction_site_v72.tsv.gz"	"55610"	"26"	"structure_ligand_relationship"
"evidence"	"interaction_site"	"interaction_site_v72.tsv.gz"	"55610"	"27"	"structure_ligand_basis"
"evidence"	"interaction_site"	"interaction_site_v72.tsv.gz"	"55610"	"28"	"membrane_side"
"evidence"	"interaction_site"	"interaction_site_v72.tsv.gz"	"55610"	"29"	"site_public_interaction_eligible"
"evidence"	"interaction_site"	"interaction_site_v72.tsv.gz"	"55610"	"30"	"coordinate_docking_eligible"
"evidence"	"interaction_site"	"interaction_site_v72.tsv.gz"	"55610"	"31"	"site_release_layer"
"evidence"	"interaction_site"	"interaction_site_v72.tsv.gz"	"55610"	"32"	"limitations"
"evidence"	"interaction_site"	"interaction_site_v72.tsv.gz"	"55610"	"33"	"release_version"
"evidence"	"interaction_site"	"interaction_site_v72.tsv.gz"	"55610"	"34"	"site_tier_v72"
"evidence"	"interaction_site"	"interaction_site_v72.tsv.gz"	"55610"	"35"	"query_ligand_identity_confirmed_v72"
"evidence"	"interaction_site"	"interaction_site_v72.tsv.gz"	"55610"	"36"	"residue_assertion_retained_v72"
"evidence"	"interaction_site"	"interaction_site_v72.tsv.gz"	"55610"	"37"	"site_default_web_inclusion_v72"
"evidence"	"interaction_site"	"interaction_site_v72.tsv.gz"	"55610"	"38"	"release_version_v72"
"entity"	"isoform_membrane_class"	"isoform_membrane_class_v72.tsv.gz"	"9240"	"1"	"protein_isoform_entity_id"
"entity"	"isoform_membrane_class"	"isoform_membrane_class_v72.tsv.gz"	"9240"	"2"	"isoform_uniprot_accession"
"entity"	"isoform_membrane_class"	"isoform_membrane_class_v72.tsv.gz"	"9240"	"3"	"canonical_protein_entity_id"
"entity"	"isoform_membrane_class"	"isoform_membrane_class_v72.tsv.gz"	"9240"	"4"	"canonical_uniprot_accession"
"entity"	"isoform_membrane_class"	"isoform_membrane_class_v72.tsv.gz"	"9240"	"5"	"isoform_number"
"entity"	"isoform_membrane_class"	"isoform_membrane_class_v72.tsv.gz"	"9240"	"6"	"sequence_length"
"entity"	"isoform_membrane_class"	"isoform_membrane_class_v72.tsv.gz"	"9240"	"7"	"sequence_sha256"
"entity"	"isoform_membrane_class"	"isoform_membrane_class_v72.tsv.gz"	"9240"	"8"	"confirmed_membrane_class"
"entity"	"isoform_membrane_class"	"isoform_membrane_class_v72.tsv.gz"	"9240"	"9"	"predicted_membrane_class"
"entity"	"isoform_membrane_class"	"isoform_membrane_class_v72.tsv.gz"	"9240"	"10"	"primary_membrane_class"
"entity"	"isoform_membrane_class"	"isoform_membrane_class_v72.tsv.gz"	"9240"	"11"	"evidence_status"
"entity"	"isoform_membrane_class"	"isoform_membrane_class_v72.tsv.gz"	"9240"	"12"	"classification_basis"
"entity"	"isoform_membrane_class"	"isoform_membrane_class_v72.tsv.gz"	"9240"	"13"	"prediction_method"
"entity"	"isoform_membrane_class"	"isoform_membrane_class_v72.tsv.gz"	"9240"	"14"	"prediction_release_scope"
"entity"	"isoform_membrane_class"	"isoform_membrane_class_v72.tsv.gz"	"9240"	"15"	"source_database"
"entity"	"isoform_membrane_class"	"isoform_membrane_class_v72.tsv.gz"	"9240"	"16"	"source_release"
"entity"	"isoform_membrane_class"	"isoform_membrane_class_v72.tsv.gz"	"9240"	"17"	"release_version"
"entity"	"isoform_membrane_class"	"isoform_membrane_class_v72.tsv.gz"	"9240"	"18"	"canonical_interaction_fallback_v72"
"entity"	"isoform_membrane_class"	"isoform_membrane_class_v72.tsv.gz"	"9240"	"19"	"record_retained_v72"
"entity"	"isoform_membrane_class"	"isoform_membrane_class_v72.tsv.gz"	"9240"	"20"	"release_version_v72"
"evidence"	"positive_interaction_evidence"	"positive_interaction_evidence_v72.tsv.gz"	"942455"	"1"	"evidence_id"
"evidence"	"positive_interaction_evidence"	"positive_interaction_evidence_v72.tsv.gz"	"942455"	"2"	"target_uniprot_id"
"evidence"	"positive_interaction_evidence"	"positive_interaction_evidence_v72.tsv.gz"	"942455"	"3"	"approved_symbol"
"evidence"	"positive_interaction_evidence"	"positive_interaction_evidence_v72.tsv.gz"	"942455"	"4"	"protein_release_tier"
"evidence"	"positive_interaction_evidence"	"positive_interaction_evidence_v72.tsv.gz"	"942455"	"5"	"protein_website_default"
"evidence"	"positive_interaction_evidence"	"positive_interaction_evidence_v72.tsv.gz"	"942455"	"6"	"compound_id"
"evidence"	"positive_interaction_evidence"	"positive_interaction_evidence_v72.tsv.gz"	"942455"	"7"	"compound_id_type"
"evidence"	"positive_interaction_evidence"	"positive_interaction_evidence_v72.tsv.gz"	"942455"	"8"	"compound_name"
"evidence"	"positive_interaction_evidence"	"positive_interaction_evidence_v72.tsv.gz"	"942455"	"9"	"small_molecule_scope_status"
"evidence"	"positive_interaction_evidence"	"positive_interaction_evidence_v72.tsv.gz"	"942455"	"10"	"is_core_small_molecule"
"evidence"	"positive_interaction_evidence"	"positive_interaction_evidence_v72.tsv.gz"	"942455"	"11"	"evidence_tier"
"evidence"	"positive_interaction_evidence"	"positive_interaction_evidence_v72.tsv.gz"	"942455"	"12"	"evidence_type"
"evidence"	"positive_interaction_evidence"	"positive_interaction_evidence_v72.tsv.gz"	"942455"	"13"	"evidence_directness"
"evidence"	"positive_interaction_evidence"	"positive_interaction_evidence_v72.tsv.gz"	"942455"	"14"	"target_assignment_status"
"evidence"	"positive_interaction_evidence"	"positive_interaction_evidence_v72.tsv.gz"	"942455"	"15"	"relationship_context_id"
"evidence"	"positive_interaction_evidence"	"positive_interaction_evidence_v72.tsv.gz"	"942455"	"16"	"activity_type"
"evidence"	"positive_interaction_evidence"	"positive_interaction_evidence_v72.tsv.gz"	"942455"	"17"	"activity_relation"
"evidence"	"positive_interaction_evidence"	"positive_interaction_evidence_v72.tsv.gz"	"942455"	"18"	"activity_value"
"evidence"	"positive_interaction_evidence"	"positive_interaction_evidence_v72.tsv.gz"	"942455"	"19"	"activity_unit"
"evidence"	"positive_interaction_evidence"	"positive_interaction_evidence_v72.tsv.gz"	"942455"	"20"	"standard_value_nM"
"evidence"	"positive_interaction_evidence"	"positive_interaction_evidence_v72.tsv.gz"	"942455"	"21"	"assay_or_mechanism"
"evidence"	"positive_interaction_evidence"	"positive_interaction_evidence_v72.tsv.gz"	"942455"	"22"	"pdb_ids"
"evidence"	"positive_interaction_evidence"	"positive_interaction_evidence_v72.tsv.gz"	"942455"	"23"	"binding_site_residues"
"evidence"	"positive_interaction_evidence"	"positive_interaction_evidence_v72.tsv.gz"	"942455"	"24"	"ligand_het_id"
"evidence"	"positive_interaction_evidence"	"positive_interaction_evidence_v72.tsv.gz"	"942455"	"25"	"pubmed_ids"
"evidence"	"positive_interaction_evidence"	"positive_interaction_evidence_v72.tsv.gz"	"942455"	"26"	"doi"
"evidence"	"positive_interaction_evidence"	"positive_interaction_evidence_v72.tsv.gz"	"942455"	"27"	"source_database"
"evidence"	"positive_interaction_evidence"	"positive_interaction_evidence_v72.tsv.gz"	"942455"	"28"	"source_version"
"evidence"	"positive_interaction_evidence"	"positive_interaction_evidence_v72.tsv.gz"	"942455"	"29"	"source_record_id"
"evidence"	"positive_interaction_evidence"	"positive_interaction_evidence_v72.tsv.gz"	"942455"	"30"	"source_url"
"evidence"	"positive_interaction_evidence"	"positive_interaction_evidence_v72.tsv.gz"	"942455"	"31"	"record_qc_status"
"evidence"	"positive_interaction_evidence"	"positive_interaction_evidence_v72.tsv.gz"	"942455"	"32"	"default_release_inclusion"
"evidence"	"positive_interaction_evidence"	"positive_interaction_evidence_v72.tsv.gz"	"942455"	"33"	"originating_dataset"
"evidence"	"positive_interaction_evidence"	"positive_interaction_evidence_v72.tsv.gz"	"942455"	"34"	"compound_internal_id"
"evidence"	"positive_interaction_evidence"	"positive_interaction_evidence_v72.tsv.gz"	"942455"	"35"	"compound_form_id"
"evidence"	"positive_interaction_evidence"	"positive_interaction_evidence_v72.tsv.gz"	"942455"	"36"	"compound_mapping_status"
"evidence"	"positive_interaction_evidence"	"positive_interaction_evidence_v72.tsv.gz"	"942455"	"37"	"compound_scope_status_v1"
"evidence"	"positive_interaction_evidence"	"positive_interaction_evidence_v72.tsv.gz"	"942455"	"38"	"default_release_inclusion_v4_2"
"evidence"	"positive_interaction_evidence"	"positive_interaction_evidence_v72.tsv.gz"	"942455"	"39"	"compound_master_version"
"evidence"	"positive_interaction_evidence"	"positive_interaction_evidence_v72.tsv.gz"	"942455"	"40"	"activity_outcome_v60"
"evidence"	"positive_interaction_evidence"	"positive_interaction_evidence_v72.tsv.gz"	"942455"	"41"	"incremental_source_v60"
"evidence"	"positive_interaction_evidence"	"positive_interaction_evidence_v72.tsv.gz"	"942455"	"42"	"duplicate_status_v60"
"evidence"	"positive_interaction_evidence"	"positive_interaction_evidence_v72.tsv.gz"	"942455"	"43"	"identity_status_v60"
"evidence"	"positive_interaction_evidence"	"positive_interaction_evidence_v72.tsv.gz"	"942455"	"44"	"conflict_status_v60"
"evidence"	"positive_interaction_evidence"	"positive_interaction_evidence_v72.tsv.gz"	"942455"	"45"	"release_version_v60"
"evidence"	"positive_interaction_evidence"	"positive_interaction_evidence_v72.tsv.gz"	"942455"	"46"	"source_evidence_id_v61"
"evidence"	"positive_interaction_evidence"	"positive_interaction_evidence_v72.tsv.gz"	"942455"	"47"	"evidence_action_v61"
"evidence"	"positive_interaction_evidence"	"positive_interaction_evidence_v72.tsv.gz"	"942455"	"48"	"identity_resolution_v61"
"evidence"	"positive_interaction_evidence"	"positive_interaction_evidence_v72.tsv.gz"	"942455"	"49"	"release_version_v61"
"evidence"	"positive_interaction_evidence"	"positive_interaction_evidence_v72.tsv.gz"	"942455"	"50"	"release_version_v62"
"evidence"	"positive_interaction_evidence"	"positive_interaction_evidence_v72.tsv.gz"	"942455"	"51"	"pdb_ids_original_v64"
"evidence"	"positive_interaction_evidence"	"positive_interaction_evidence_v72.tsv.gz"	"942455"	"52"	"pdb_identity_status_v64"
"evidence"	"positive_interaction_evidence"	"positive_interaction_evidence_v72.tsv.gz"	"942455"	"53"	"structural_evidence_action_v64"
"evidence"	"positive_interaction_evidence"	"positive_interaction_evidence_v72.tsv.gz"	"942455"	"54"	"release_version_v64"
"evidence"	"positive_interaction_evidence"	"positive_interaction_evidence_v72.tsv.gz"	"942455"	"55"	"public_layer_v641"
"evidence"	"positive_interaction_evidence"	"positive_interaction_evidence_v72.tsv.gz"	"942455"	"56"	"triage_rule_v641"
"evidence"	"positive_interaction_evidence"	"positive_interaction_evidence_v72.tsv.gz"	"942455"	"57"	"experiment_lineage_key_v7"
"evidence"	"positive_interaction_evidence"	"positive_interaction_evidence_v72.tsv.gz"	"942455"	"58"	"structure_lineage_key_v7"
"evidence"	"positive_interaction_evidence"	"positive_interaction_evidence_v72.tsv.gz"	"942455"	"59"	"evidence_modality_v7"
"evidence"	"positive_interaction_evidence"	"positive_interaction_evidence_v72.tsv.gz"	"942455"	"60"	"lineage_resolution_v7"
"evidence"	"positive_interaction_evidence"	"positive_interaction_evidence_v72.tsv.gz"	"942455"	"61"	"evidence_tier_recomputed_v7"
"evidence"	"positive_interaction_evidence"	"positive_interaction_evidence_v72.tsv.gz"	"942455"	"62"	"be_rule_v7"
"evidence"	"positive_interaction_evidence"	"positive_interaction_evidence_v72.tsv.gz"	"942455"	"63"	"be_disposition_v7"
"evidence"	"positive_interaction_evidence"	"positive_interaction_evidence_v72.tsv.gz"	"942455"	"64"	"be_limitations_v7"
"evidence"	"positive_interaction_evidence"	"positive_interaction_evidence_v72.tsv.gz"	"942455"	"65"	"release_role_v71"
"evidence"	"positive_interaction_evidence"	"positive_interaction_evidence_v72.tsv.gz"	"942455"	"66"	"site_required_for_inclusion_v71"
"evidence"	"positive_interaction_evidence"	"positive_interaction_evidence_v72.tsv.gz"	"942455"	"67"	"release_version_v71"
"evidence"	"positive_interaction_evidence"	"positive_interaction_evidence_v72.tsv.gz"	"942455"	"68"	"legacy_source_database_v72"
"evidence"	"positive_interaction_evidence"	"positive_interaction_evidence_v72.tsv.gz"	"942455"	"69"	"legacy_source_record_id_v72"
"evidence"	"positive_interaction_evidence"	"positive_interaction_evidence_v72.tsv.gz"	"942455"	"70"	"source_provenance_resolution_v72"
"evidence"	"positive_interaction_evidence"	"positive_interaction_evidence_v72.tsv.gz"	"942455"	"71"	"protein_release_role_v72"
"evidence"	"positive_interaction_evidence"	"positive_interaction_evidence_v72.tsv.gz"	"942455"	"72"	"default_web_inclusion_v72"
"evidence"	"positive_interaction_evidence"	"positive_interaction_evidence_v72.tsv.gz"	"942455"	"73"	"searchable_inclusion_v72"
"evidence"	"positive_interaction_evidence"	"positive_interaction_evidence_v72.tsv.gz"	"942455"	"74"	"protein_form_specificity_v72"
"evidence"	"positive_interaction_evidence"	"positive_interaction_evidence_v72.tsv.gz"	"942455"	"75"	"target_assignment_policy_v72"
"evidence"	"positive_interaction_evidence"	"positive_interaction_evidence_v72.tsv.gz"	"942455"	"76"	"site_availability_v72"
"evidence"	"positive_interaction_evidence"	"positive_interaction_evidence_v72.tsv.gz"	"942455"	"77"	"release_version_v72"
"entity"	"processed_form_membrane_class"	"processed_form_membrane_class_v72.tsv.gz"	"8454"	"1"	"processed_form_id"
"entity"	"processed_form_membrane_class"	"processed_form_membrane_class_v72.tsv.gz"	"8454"	"2"	"target_uniprot_id"
"entity"	"processed_form_membrane_class"	"processed_form_membrane_class_v72.tsv.gz"	"8454"	"3"	"feature_id"
"entity"	"processed_form_membrane_class"	"processed_form_membrane_class_v72.tsv.gz"	"8454"	"4"	"processed_form_type"
"entity"	"processed_form_membrane_class"	"processed_form_membrane_class_v72.tsv.gz"	"8454"	"5"	"description"
"entity"	"processed_form_membrane_class"	"processed_form_membrane_class_v72.tsv.gz"	"8454"	"6"	"start"
"entity"	"processed_form_membrane_class"	"processed_form_membrane_class_v72.tsv.gz"	"8454"	"7"	"end"
"entity"	"processed_form_membrane_class"	"processed_form_membrane_class_v72.tsv.gz"	"8454"	"8"	"sequence_range_status"
"entity"	"processed_form_membrane_class"	"processed_form_membrane_class_v72.tsv.gz"	"8454"	"9"	"confirmed_membrane_class"
"entity"	"processed_form_membrane_class"	"processed_form_membrane_class_v72.tsv.gz"	"8454"	"10"	"predicted_membrane_class"
"entity"	"processed_form_membrane_class"	"processed_form_membrane_class_v72.tsv.gz"	"8454"	"11"	"primary_membrane_class"
"entity"	"processed_form_membrane_class"	"processed_form_membrane_class_v72.tsv.gz"	"8454"	"12"	"membrane_retention_status"
"entity"	"processed_form_membrane_class"	"processed_form_membrane_class_v72.tsv.gz"	"8454"	"13"	"classification_basis"
"entity"	"processed_form_membrane_class"	"processed_form_membrane_class_v72.tsv.gz"	"8454"	"14"	"prediction_method"
"entity"	"processed_form_membrane_class"	"processed_form_membrane_class_v72.tsv.gz"	"8454"	"15"	"source_database"
"entity"	"processed_form_membrane_class"	"processed_form_membrane_class_v72.tsv.gz"	"8454"	"16"	"release_version"
"entity"	"processed_form_membrane_class"	"processed_form_membrane_class_v72.tsv.gz"	"8454"	"17"	"canonical_interaction_fallback_v72"
"entity"	"processed_form_membrane_class"	"processed_form_membrane_class_v72.tsv.gz"	"8454"	"18"	"record_retained_v72"
"entity"	"processed_form_membrane_class"	"processed_form_membrane_class_v72.tsv.gz"	"8454"	"19"	"release_version_v72"
"entity"	"protein_complex"	"protein_complex_v72.tsv.gz"	"4584"	"1"	"complex_target_id"
"entity"	"protein_complex"	"protein_complex_v72.tsv.gz"	"4584"	"2"	"complex_name"
"entity"	"protein_complex"	"protein_complex_v72.tsv.gz"	"4584"	"3"	"aliases"
"entity"	"protein_complex"	"protein_complex_v72.tsv.gz"	"4584"	"4"	"organism_taxon_id"
"entity"	"protein_complex"	"protein_complex_v72.tsv.gz"	"4584"	"5"	"complex_class"
"entity"	"protein_complex"	"protein_complex_v72.tsv.gz"	"4584"	"6"	"protein_component_ids"
"entity"	"protein_complex"	"protein_complex_v72.tsv.gz"	"4584"	"7"	"protein_component_count"
"entity"	"protein_complex"	"protein_complex_v72.tsv.gz"	"4584"	"8"	"membrane_component_ids"
"entity"	"protein_complex"	"protein_complex_v72.tsv.gz"	"4584"	"9"	"membrane_component_count"
"entity"	"protein_complex"	"protein_complex_v72.tsv.gz"	"4584"	"10"	"membrane_relevance"
"entity"	"protein_complex"	"protein_complex_v72.tsv.gz"	"4584"	"11"	"curated_source_count"
"entity"	"protein_complex"	"protein_complex_v72.tsv.gz"	"4584"	"12"	"predicted_source_count"
"entity"	"protein_complex"	"protein_complex_v72.tsv.gz"	"4584"	"13"	"contributing_databases"
"entity"	"protein_complex"	"protein_complex_v72.tsv.gz"	"4584"	"14"	"source_complex_ids"
"entity"	"protein_complex"	"protein_complex_v72.tsv.gz"	"4584"	"15"	"component_set_conflict_flag"
"entity"	"protein_complex"	"protein_complex_v72.tsv.gz"	"4584"	"16"	"stoichiometry_status"
"entity"	"protein_complex"	"protein_complex_v72.tsv.gz"	"4584"	"17"	"required_optional_subunit_status"
"entity"	"protein_complex"	"protein_complex_v72.tsv.gz"	"4584"	"18"	"default_release_inclusion"
"entity"	"protein_complex"	"protein_complex_v72.tsv.gz"	"4584"	"19"	"review_status"
"entity"	"protein_complex"	"protein_complex_v72.tsv.gz"	"4584"	"20"	"module_version"
"entity"	"protein_complex"	"protein_complex_v72.tsv.gz"	"4584"	"21"	"default_membrane_component_ids"
"entity"	"protein_complex"	"protein_complex_v72.tsv.gz"	"4584"	"22"	"default_membrane_component_count"
"entity"	"protein_complex"	"protein_complex_v72.tsv.gz"	"4584"	"23"	"complex_disposition_v7_final"
"entity"	"protein_complex"	"protein_complex_v72.tsv.gz"	"4584"	"24"	"stoichiometry_interpretation_v7"
"entity"	"protein_complex"	"protein_complex_v72.tsv.gz"	"4584"	"25"	"required_optional_interpretation_v7"
"entity"	"protein_complex"	"protein_complex_v72.tsv.gz"	"4584"	"26"	"complex_limitations_v7"
"entity"	"protein_complex"	"protein_complex_v72.tsv.gz"	"4584"	"27"	"release_version"
"entity"	"protein_complex"	"protein_complex_v72.tsv.gz"	"4584"	"28"	"complex_module_status_v72"
"entity"	"protein_complex"	"protein_complex_v72.tsv.gz"	"4584"	"29"	"complex_module_inclusion_v72"
"entity"	"protein_complex"	"protein_complex_v72.tsv.gz"	"4584"	"30"	"record_retained_v72"
"entity"	"protein_complex"	"protein_complex_v72.tsv.gz"	"4584"	"31"	"release_version_v72"
"relation"	"protein_compound_pair"	"protein_compound_pair_v72.tsv.gz"	"529168"	"1"	"pair_id"
"relation"	"protein_compound_pair"	"protein_compound_pair_v72.tsv.gz"	"529168"	"2"	"target_uniprot_id"
"relation"	"protein_compound_pair"	"protein_compound_pair_v72.tsv.gz"	"529168"	"3"	"compound_internal_id"
"relation"	"protein_compound_pair"	"protein_compound_pair_v72.tsv.gz"	"529168"	"4"	"evidence_count"
"relation"	"protein_compound_pair"	"protein_compound_pair_v72.tsv.gz"	"529168"	"5"	"best_evidence_tier"
"relation"	"protein_compound_pair"	"protein_compound_pair_v72.tsv.gz"	"529168"	"6"	"distinct_database_count"
"relation"	"protein_compound_pair"	"protein_compound_pair_v72.tsv.gz"	"529168"	"7"	"source_databases"
"relation"	"protein_compound_pair"	"protein_compound_pair_v72.tsv.gz"	"529168"	"8"	"independent_experiment_count"
"relation"	"protein_compound_pair"	"protein_compound_pair_v72.tsv.gz"	"529168"	"9"	"independent_structure_count"
"relation"	"protein_compound_pair"	"protein_compound_pair_v72.tsv.gz"	"529168"	"10"	"independent_pubchem_assay_count"
"relation"	"protein_compound_pair"	"protein_compound_pair_v72.tsv.gz"	"529168"	"11"	"independent_evidence_modality_count"
"relation"	"protein_compound_pair"	"protein_compound_pair_v72.tsv.gz"	"529168"	"12"	"positive_negative_conflict_status"
"relation"	"protein_compound_pair"	"protein_compound_pair_v72.tsv.gz"	"529168"	"13"	"release_version"
"relation"	"protein_compound_pair"	"protein_compound_pair_v72.tsv.gz"	"529168"	"14"	"source_databases_v72"
"relation"	"protein_compound_pair"	"protein_compound_pair_v72.tsv.gz"	"529168"	"15"	"distinct_database_count_v72"
"relation"	"protein_compound_pair"	"protein_compound_pair_v72.tsv.gz"	"529168"	"16"	"legacy_source_databases_v72"
"relation"	"protein_compound_pair"	"protein_compound_pair_v72.tsv.gz"	"529168"	"17"	"protein_release_role_v72"
"relation"	"protein_compound_pair"	"protein_compound_pair_v72.tsv.gz"	"529168"	"18"	"default_web_inclusion_v72"
"relation"	"protein_compound_pair"	"protein_compound_pair_v72.tsv.gz"	"529168"	"19"	"searchable_inclusion_v72"
"relation"	"protein_compound_pair"	"protein_compound_pair_v72.tsv.gz"	"529168"	"20"	"release_version_v72"
"classification"	"protein_cross_classification_summary"	"protein_cross_classification_summary_v72.tsv.gz"	"7800"	"1"	"target_uniprot_id"
"classification"	"protein_cross_classification_summary"	"protein_cross_classification_summary_v72.tsv.gz"	"7800"	"2"	"structural_family_primary_v63"
"classification"	"protein_cross_classification_summary"	"protein_cross_classification_summary_v72.tsv.gz"	"7800"	"3"	"structural_family_all_v63"
"classification"	"protein_cross_classification_summary"	"protein_cross_classification_summary_v72.tsv.gz"	"7800"	"4"	"molecular_function_primary_v63"
"classification"	"protein_cross_classification_summary"	"protein_cross_classification_summary_v72.tsv.gz"	"7800"	"5"	"molecular_function_all_v63"
"classification"	"protein_cross_classification_summary"	"protein_cross_classification_summary_v72.tsv.gz"	"7800"	"6"	"biological_process_primary_v63"
"classification"	"protein_cross_classification_summary"	"protein_cross_classification_summary_v72.tsv.gz"	"7800"	"7"	"biological_process_all_v63"
"classification"	"protein_cross_classification_summary"	"protein_cross_classification_summary_v72.tsv.gz"	"7800"	"8"	"membrane_role_primary_v63"
"classification"	"protein_cross_classification_summary"	"protein_cross_classification_summary_v72.tsv.gz"	"7800"	"9"	"membrane_role_all_v63"
"classification"	"protein_cross_classification_summary"	"protein_cross_classification_summary_v72.tsv.gz"	"7800"	"10"	"specialist_classification_primary_v63"
"classification"	"protein_cross_classification_summary"	"protein_cross_classification_summary_v72.tsv.gz"	"7800"	"11"	"specialist_classification_all_v63"
"classification"	"protein_cross_classification_summary"	"protein_cross_classification_summary_v72.tsv.gz"	"7800"	"12"	"reactome_top_level_v63"
"classification"	"protein_cross_classification_summary"	"protein_cross_classification_summary_v72.tsv.gz"	"7800"	"13"	"display_classification_status_v63"
"classification"	"protein_cross_classification_summary"	"protein_cross_classification_summary_v72.tsv.gz"	"7800"	"14"	"distinct_contributing_membrane_database_count_v63"
"classification"	"protein_cross_classification_summary"	"protein_cross_classification_summary_v72.tsv.gz"	"7800"	"15"	"contributing_membrane_databases_v63"
"classification"	"protein_cross_classification_summary"	"protein_cross_classification_summary_v72.tsv.gz"	"7800"	"16"	"membrane_database_count_semantics_v63"
"classification"	"protein_cross_classification_summary"	"protein_cross_classification_summary_v72.tsv.gz"	"7800"	"17"	"protein_annotation_module_version_v63"
"classification"	"protein_cross_classification_summary"	"protein_cross_classification_summary_v72.tsv.gz"	"7800"	"18"	"release_version_v71"
"classification"	"protein_cross_classification_summary"	"protein_cross_classification_summary_v72.tsv.gz"	"7800"	"19"	"membrane_role_resolution_v72"
"classification"	"protein_cross_classification_summary"	"protein_cross_classification_summary_v72.tsv.gz"	"7800"	"20"	"release_version_v72"
"classification"	"protein_cross_classification"	"protein_cross_classification_v72.tsv.gz"	"59715"	"1"	"classification_assertion_id"
"classification"	"protein_cross_classification"	"protein_cross_classification_v72.tsv.gz"	"59715"	"2"	"target_uniprot_id"
"classification"	"protein_cross_classification"	"protein_cross_classification_v72.tsv.gz"	"59715"	"3"	"classification_axis"
"classification"	"protein_cross_classification"	"protein_cross_classification_v72.tsv.gz"	"59715"	"4"	"classification_label"
"classification"	"protein_cross_classification"	"protein_cross_classification_v72.tsv.gz"	"59715"	"5"	"primary_flag"
"classification"	"protein_cross_classification"	"protein_cross_classification_v72.tsv.gz"	"59715"	"6"	"classification_source"
"classification"	"protein_cross_classification"	"protein_cross_classification_v72.tsv.gz"	"59715"	"7"	"source_record_or_annotation_ids"
"classification"	"protein_cross_classification"	"protein_cross_classification_v72.tsv.gz"	"59715"	"8"	"source_version"
"classification"	"protein_cross_classification"	"protein_cross_classification_v72.tsv.gz"	"59715"	"9"	"mapping_method"
"classification"	"protein_cross_classification"	"protein_cross_classification_v72.tsv.gz"	"59715"	"10"	"classification_level"
"classification"	"protein_cross_classification"	"protein_cross_classification_v72.tsv.gz"	"59715"	"11"	"is_inferred"
"classification"	"protein_cross_classification"	"protein_cross_classification_v72.tsv.gz"	"59715"	"12"	"release_version"
"relation"	"protein_disease_relation"	"protein_disease_relation_v72.tsv.gz"	"6753"	"1"	"disease_relation_id_v2"
"relation"	"protein_disease_relation"	"protein_disease_relation_v72.tsv.gz"	"6753"	"2"	"target_uniprot_id"
"relation"	"protein_disease_relation"	"protein_disease_relation_v72.tsv.gz"	"6753"	"3"	"approved_symbol"
"relation"	"protein_disease_relation"	"protein_disease_relation_v72.tsv.gz"	"6753"	"4"	"canonical_disease_id"
"relation"	"protein_disease_relation"	"protein_disease_relation_v72.tsv.gz"	"6753"	"5"	"canonical_disease_name"
"relation"	"protein_disease_relation"	"protein_disease_relation_v72.tsv.gz"	"6753"	"6"	"source_disease_ids"
"relation"	"protein_disease_relation"	"protein_disease_relation_v72.tsv.gz"	"6753"	"7"	"source_disease_names"
"relation"	"protein_disease_relation"	"protein_disease_relation_v72.tsv.gz"	"6753"	"8"	"mapping_predicates"
"relation"	"protein_disease_relation"	"protein_disease_relation_v72.tsv.gz"	"6753"	"9"	"source_databases"
"relation"	"protein_disease_relation"	"protein_disease_relation_v72.tsv.gz"	"6753"	"10"	"source_record_ids"
"relation"	"protein_disease_relation"	"protein_disease_relation_v72.tsv.gz"	"6753"	"11"	"source_relation_ids"
"relation"	"protein_disease_relation"	"protein_disease_relation_v72.tsv.gz"	"6753"	"12"	"source_relation_count"
"relation"	"protein_disease_relation"	"protein_disease_relation_v72.tsv.gz"	"6753"	"13"	"evidence_channels"
"relation"	"protein_disease_relation"	"protein_disease_relation_v72.tsv.gz"	"6753"	"14"	"best_evidence_level"
"relation"	"protein_disease_relation"	"protein_disease_relation_v72.tsv.gz"	"6753"	"15"	"max_ot_overall_score"
"relation"	"protein_disease_relation"	"protein_disease_relation_v72.tsv.gz"	"6753"	"16"	"human_genetic_flag"
"relation"	"protein_disease_relation"	"protein_disease_relation_v72.tsv.gz"	"6753"	"17"	"clinical_genetic_flag"
"relation"	"protein_disease_relation"	"protein_disease_relation_v72.tsv.gz"	"6753"	"18"	"somatic_mutation_flag"
"relation"	"protein_disease_relation"	"protein_disease_relation_v72.tsv.gz"	"6753"	"19"	"functional_flag"
"relation"	"protein_disease_relation"	"protein_disease_relation_v72.tsv.gz"	"6753"	"20"	"animal_model_flag"
"relation"	"protein_disease_relation"	"protein_disease_relation_v72.tsv.gz"	"6753"	"21"	"expression_flag"
"relation"	"protein_disease_relation"	"protein_disease_relation_v72.tsv.gz"	"6753"	"22"	"literature_flag"
"relation"	"protein_disease_relation"	"protein_disease_relation_v72.tsv.gz"	"6753"	"23"	"uniprot_disease_flag"
"relation"	"protein_disease_relation"	"protein_disease_relation_v72.tsv.gz"	"6753"	"24"	"pubmed_ids"
"relation"	"protein_disease_relation"	"protein_disease_relation_v72.tsv.gz"	"6753"	"25"	"default_relation_inclusion"
"relation"	"protein_disease_relation"	"protein_disease_relation_v72.tsv.gz"	"6753"	"26"	"release_version"
"relation"	"protein_disease_relation"	"protein_disease_relation_v72.tsv.gz"	"6753"	"27"	"canonical_mapping_statuses"
"relation"	"protein_disease_relation"	"protein_disease_relation_v72.tsv.gz"	"6753"	"28"	"safe_source_evidence_count"
"relation"	"protein_disease_relation"	"protein_disease_relation_v72.tsv.gz"	"6753"	"29"	"review_source_evidence_count"
"relation"	"protein_disease_relation"	"protein_disease_relation_v72.tsv.gz"	"6753"	"30"	"mapping_review_flag"
"relation"	"protein_disease_relation"	"protein_disease_relation_v72.tsv.gz"	"6753"	"31"	"default_release_inclusion_v63"
"relation"	"protein_disease_relation"	"protein_disease_relation_v72.tsv.gz"	"6753"	"32"	"release_disposition_v63"
"relation"	"protein_disease_relation"	"protein_disease_relation_v72.tsv.gz"	"6753"	"33"	"disease_disposition_v7_final"
"relation"	"protein_disease_relation"	"protein_disease_relation_v72.tsv.gz"	"6753"	"34"	"disease_mapping_rule_v7_final"
"relation"	"protein_disease_relation"	"protein_disease_relation_v72.tsv.gz"	"6753"	"35"	"release_version_v71"
"entity"	"protein_master"	"protein_master_v72.tsv.gz"	"7800"	"1"	"canonical_protein_entity_id"
"entity"	"protein_master"	"protein_master_v72.tsv.gz"	"7800"	"2"	"canonical_uniprot_accession"
"entity"	"protein_master"	"protein_master_v72.tsv.gz"	"7800"	"3"	"approved_symbol"
"entity"	"protein_master"	"protein_master_v72.tsv.gz"	"7800"	"4"	"protein_name"
"entity"	"protein_master"	"protein_master_v72.tsv.gz"	"7800"	"5"	"reviewed_status"
"entity"	"protein_master"	"protein_master_v72.tsv.gz"	"7800"	"6"	"organism_id"
"entity"	"protein_master"	"protein_master_v72.tsv.gz"	"7800"	"7"	"sequence_length"
"entity"	"protein_master"	"protein_master_v72.tsv.gz"	"7800"	"8"	"membrane_class_v7"
"entity"	"protein_master"	"protein_master_v72.tsv.gz"	"7800"	"9"	"primary_membrane_mode_v7"
"entity"	"protein_master"	"protein_master_v72.tsv.gz"	"7800"	"10"	"secondary_membrane_modes_v7"
"entity"	"protein_master"	"protein_master_v72.tsv.gz"	"7800"	"11"	"membrane_evidence_level_v7"
"entity"	"protein_master"	"protein_master_v72.tsv.gz"	"7800"	"12"	"form_specificity_v7"
"entity"	"protein_master"	"protein_master_v72.tsv.gz"	"7800"	"13"	"decision_v7"
"entity"	"protein_master"	"protein_master_v72.tsv.gz"	"7800"	"14"	"decision_evidence_v7"
"entity"	"protein_master"	"protein_master_v72.tsv.gz"	"7800"	"15"	"public_inclusion_v7"
"entity"	"protein_master"	"protein_master_v72.tsv.gz"	"7800"	"16"	"source_release"
"entity"	"protein_master"	"protein_master_v72.tsv.gz"	"7800"	"17"	"gene_entity_id"
"entity"	"protein_master"	"protein_master_v72.tsv.gz"	"7800"	"18"	"hgnc_ids"
"entity"	"protein_master"	"protein_master_v72.tsv.gz"	"7800"	"19"	"ensembl_gene_ids"
"entity"	"protein_master"	"protein_master_v72.tsv.gz"	"7800"	"20"	"ncbi_gene_ids"
"entity"	"protein_master"	"protein_master_v72.tsv.gz"	"7800"	"21"	"canonical_sequence"
"entity"	"protein_master"	"protein_master_v72.tsv.gz"	"7800"	"22"	"canonical_sequence_sha256"
"entity"	"protein_master"	"protein_master_v72.tsv.gz"	"7800"	"23"	"accession_history_status"
"entity"	"protein_master"	"protein_master_v72.tsv.gz"	"7800"	"24"	"release_role_v72"
"entity"	"protein_master"	"protein_master_v72.tsv.gz"	"7800"	"25"	"default_web_inclusion_v72"
"entity"	"protein_master"	"protein_master_v72.tsv.gz"	"7800"	"26"	"searchable_inclusion_v72"
"entity"	"protein_master"	"protein_master_v72.tsv.gz"	"7800"	"27"	"release_version_v72"
"audit"	"protein_membrane_evidence_and_risk"	"protein_membrane_evidence_and_risk_v72.tsv.gz"	"10997"	"1"	"target_uniprot_id"
"audit"	"protein_membrane_evidence_and_risk"	"protein_membrane_evidence_and_risk_v72.tsv.gz"	"10997"	"2"	"membrane_class_v7"
"audit"	"protein_membrane_evidence_and_risk"	"protein_membrane_evidence_and_risk_v72.tsv.gz"	"10997"	"3"	"public_inclusion_v7"
"audit"	"protein_membrane_evidence_and_risk"	"protein_membrane_evidence_and_risk_v72.tsv.gz"	"10997"	"4"	"membrane_evidence_level_v7_recomputed"
"audit"	"protein_membrane_evidence_and_risk"	"protein_membrane_evidence_and_risk_v72.tsv.gz"	"10997"	"5"	"evidence_rule_triggered_v7"
"audit"	"protein_membrane_evidence_and_risk"	"protein_membrane_evidence_and_risk_v72.tsv.gz"	"10997"	"6"	"evidence_source_ids_v7"
"audit"	"protein_membrane_evidence_and_risk"	"protein_membrane_evidence_and_risk_v72.tsv.gz"	"10997"	"7"	"confidence_limitations_v7"
"audit"	"protein_membrane_evidence_and_risk"	"protein_membrane_evidence_and_risk_v72.tsv.gz"	"10997"	"8"	"risk_priority_v7"
"audit"	"protein_membrane_evidence_and_risk"	"protein_membrane_evidence_and_risk_v72.tsv.gz"	"10997"	"9"	"automatic_disposition_v7"
"audit"	"protein_membrane_evidence_and_risk"	"protein_membrane_evidence_and_risk_v72.tsv.gz"	"10997"	"10"	"manual_review_status"
"governance"	"source_registry"	"source_registry_v72.tsv.gz"	"28"	"1"	"module"
"governance"	"source_registry"	"source_registry_v72.tsv.gz"	"28"	"2"	"source_database"
"governance"	"source_registry"	"source_registry_v72.tsv.gz"	"28"	"3"	"source_versions"
"governance"	"source_registry"	"source_registry_v72.tsv.gz"	"28"	"4"	"record_scope"
"governance"	"source_registry"	"source_registry_v72.tsv.gz"	"28"	"5"	"registry_basis"
"governance"	"source_registry"	"source_registry_v72.tsv.gz"	"28"	"6"	"release_version_v71"
"annotation"	"state_dependent_membrane_association"	"state_dependent_membrane_association_v72.tsv.gz"	"7800"	"1"	"membrane_state_id"
"annotation"	"state_dependent_membrane_association"	"state_dependent_membrane_association_v72.tsv.gz"	"7800"	"2"	"target_uniprot_id"
"annotation"	"state_dependent_membrane_association"	"state_dependent_membrane_association_v72.tsv.gz"	"7800"	"3"	"entity_scope"
"annotation"	"state_dependent_membrane_association"	"state_dependent_membrane_association_v72.tsv.gz"	"7800"	"4"	"membrane_class"
"annotation"	"state_dependent_membrane_association"	"state_dependent_membrane_association_v72.tsv.gz"	"7800"	"5"	"primary_membrane_mode"
"annotation"	"state_dependent_membrane_association"	"state_dependent_membrane_association_v72.tsv.gz"	"7800"	"6"	"secondary_membrane_modes"
"annotation"	"state_dependent_membrane_association"	"state_dependent_membrane_association_v72.tsv.gz"	"7800"	"7"	"evidence_level"
"annotation"	"state_dependent_membrane_association"	"state_dependent_membrane_association_v72.tsv.gz"	"7800"	"8"	"form_specificity"
"annotation"	"state_dependent_membrane_association"	"state_dependent_membrane_association_v72.tsv.gz"	"7800"	"9"	"public_inclusion"
"annotation"	"state_dependent_membrane_association"	"state_dependent_membrane_association_v72.tsv.gz"	"7800"	"10"	"decision"
"annotation"	"state_dependent_membrane_association"	"state_dependent_membrane_association_v72.tsv.gz"	"7800"	"11"	"evidence_summary"
"annotation"	"state_dependent_membrane_association"	"state_dependent_membrane_association_v72.tsv.gz"	"7800"	"12"	"state_condition"
"annotation"	"state_dependent_membrane_association"	"state_dependent_membrane_association_v72.tsv.gz"	"7800"	"13"	"state_specificity"
"annotation"	"state_dependent_membrane_association"	"state_dependent_membrane_association_v72.tsv.gz"	"7800"	"14"	"release_version"
"observation"	"subcellular_localization"	"subcellular_localization_v72.tsv.gz"	"19091"	"1"	"localization_record_id"
"observation"	"subcellular_localization"	"subcellular_localization_v72.tsv.gz"	"19091"	"2"	"target_uniprot_id"
"observation"	"subcellular_localization"	"subcellular_localization_v72.tsv.gz"	"19091"	"3"	"membrane_protein_id"
"observation"	"subcellular_localization"	"subcellular_localization_v72.tsv.gz"	"19091"	"4"	"hpa_ensembl_gene_id"
"observation"	"subcellular_localization"	"subcellular_localization_v72.tsv.gz"	"19091"	"5"	"hpa_gene_name"
"observation"	"subcellular_localization"	"subcellular_localization_v72.tsv.gz"	"19091"	"6"	"location_term"
"observation"	"subcellular_localization"	"subcellular_localization_v72.tsv.gz"	"19091"	"7"	"go_id"
"observation"	"subcellular_localization"	"subcellular_localization_v72.tsv.gz"	"19091"	"8"	"go_label"
"observation"	"subcellular_localization"	"subcellular_localization_v72.tsv.gz"	"19091"	"9"	"location_role"
"observation"	"subcellular_localization"	"subcellular_localization_v72.tsv.gz"	"19091"	"10"	"hpa_reliability"
"observation"	"subcellular_localization"	"subcellular_localization_v72.tsv.gz"	"19091"	"11"	"direct_observation_flag"
"observation"	"subcellular_localization"	"subcellular_localization_v72.tsv.gz"	"19091"	"12"	"protein_mapping_status"
"observation"	"subcellular_localization"	"subcellular_localization_v72.tsv.gz"	"19091"	"13"	"source_dataset"
"observation"	"subcellular_localization"	"subcellular_localization_v72.tsv.gz"	"19091"	"14"	"source_version"
"observation"	"subcellular_localization"	"subcellular_localization_v72.tsv.gz"	"19091"	"15"	"module_version"
"observation"	"subcellular_localization"	"subcellular_localization_v72.tsv.gz"	"19091"	"16"	"v7_mapping_state"
"observation"	"subcellular_localization"	"subcellular_localization_v72.tsv.gz"	"19091"	"17"	"mapping_status_v71"
"observation"	"subcellular_localization"	"subcellular_localization_v72.tsv.gz"	"19091"	"18"	"observation_semantics_v71"
"observation"	"subcellular_localization"	"subcellular_localization_v72.tsv.gz"	"19091"	"19"	"biological_context_v71"
"observation"	"subcellular_localization"	"subcellular_localization_v72.tsv.gz"	"19091"	"20"	"isoform_specificity_v71"
"observation"	"subcellular_localization"	"subcellular_localization_v72.tsv.gz"	"19091"	"21"	"release_version_v71"