"object"	"table"	"filter_field"	"category_value"	"record_count"
"canonical_protein_membrane_class"	"canonical_protein_membrane_class_v72.tsv.gz"	"membrane_class"	"A"	"5680"
"canonical_protein_membrane_class"	"canonical_protein_membrane_class_v72.tsv.gz"	"membrane_class"	"C"	"1507"
"canonical_protein_membrane_class"	"canonical_protein_membrane_class_v72.tsv.gz"	"membrane_class"	"B"	"613"
"canonical_protein_membrane_class"	"canonical_protein_membrane_class_v72.tsv.gz"	"primary_membrane_mode"	"transmembrane_or_intramembrane"	"4687"
"canonical_protein_membrane_class"	"canonical_protein_membrane_class_v72.tsv.gz"	"primary_membrane_mode"	"structure_supported_integral_membrane"	"972"
"canonical_protein_membrane_class"	"canonical_protein_membrane_class_v72.tsv.gz"	"primary_membrane_mode"	"uniprot_peripheral_membrane_annotation"	"897"
"canonical_protein_membrane_class"	"canonical_protein_membrane_class_v72.tsv.gz"	"primary_membrane_mode"	"explicit_uniprot_covalent_lipid_anchor"	"474"
"canonical_protein_membrane_class"	"canonical_protein_membrane_class_v72.tsv.gz"	"primary_membrane_mode"	"validated_direct_or_state_dependent_peripheral"	"388"
"canonical_protein_membrane_class"	"canonical_protein_membrane_class_v72.tsv.gz"	"primary_membrane_mode"	"structure_supported_peripheral"	"207"
"canonical_protein_membrane_class"	"canonical_protein_membrane_class_v72.tsv.gz"	"primary_membrane_mode"	"covalent_lipid_anchor"	"139"
"canonical_protein_membrane_class"	"canonical_protein_membrane_class_v72.tsv.gz"	"primary_membrane_mode"	"validated_complex_mediated_membrane_association"	"15"
"canonical_protein_membrane_class"	"canonical_protein_membrane_class_v72.tsv.gz"	"primary_membrane_mode"	"beta_barrel_integral_membrane"	"12"
"canonical_protein_membrane_class"	"canonical_protein_membrane_class_v72.tsv.gz"	"primary_membrane_mode"	"immunoglobulin_heavy_chain_membrane_isoform"	"9"
"canonical_protein_membrane_class"	"canonical_protein_membrane_class_v72.tsv.gz"	"evidence_level"	"E1"	"5808"
"canonical_protein_membrane_class"	"canonical_protein_membrane_class_v72.tsv.gz"	"evidence_level"	"E2"	"1566"
"canonical_protein_membrane_class"	"canonical_protein_membrane_class_v72.tsv.gz"	"evidence_level"	"E3"	"426"
"canonical_protein_membrane_class"	"canonical_protein_membrane_class_v72.tsv.gz"	"release_role_v72"	"CONFIRMED_CORE"	"7374"
"canonical_protein_membrane_class"	"canonical_protein_membrane_class_v72.tsv.gz"	"release_role_v72"	"CANDIDATE_E3"	"426"
"compound_form"	"compound_form_v72.tsv.gz"	"form_type"	"parent_form"	"637803"
"compound_form"	"compound_form_v72.tsv.gz"	"form_type"	"salt_or_multicomponent_form"	"8893"
"compound_form"	"compound_form_v72.tsv.gz"	"form_type"	"stereochemically_defined_parent"	"2262"
"compound_form"	"compound_form_v72.tsv.gz"	"form_type"	"charge_or_standardized_form"	"604"
"compound_form"	"compound_form_v72.tsv.gz"	"form_type"	"charged_or_protonation_form"	"230"
"compound_form"	"compound_form_v72.tsv.gz"	"record_qc_status"	"ok"	"648465"
"compound_form"	"compound_form_v72.tsv.gz"	"record_qc_status"	"review"	"1327"
"compound_master"	"compound_master_v72.tsv.gz"	"compound_scope_class"	"core_small_molecule"	"638825"
"compound_master"	"compound_master_v72.tsv.gz"	"compound_scope_class"	"structure_resolved_small_molecule"	"5415"
"compound_master"	"compound_master_v72.tsv.gz"	"compound_scope_class"	"extended_chemical_entity"	"2430"
"compound_master"	"compound_master_v72.tsv.gz"	"identity_confidence"	"low"	"406611"
"compound_master"	"compound_master_v72.tsv.gz"	"identity_confidence"	"medium"	"218725"
"compound_master"	"compound_master_v72.tsv.gz"	"identity_confidence"	"high"	"21334"
"compound_master"	"compound_master_v72.tsv.gz"	"computed_structural_class"	"(blank)"	"406611"
"compound_master"	"compound_master_v72.tsv.gz"	"computed_structural_class"	"polycyclic_organic_compound"	"191730"
"compound_master"	"compound_master_v72.tsv.gz"	"computed_structural_class"	"cyclic_organic_compound"	"31643"
"compound_master"	"compound_master_v72.tsv.gz"	"computed_structural_class"	"macrocyclic_compound"	"5282"
"compound_master"	"compound_master_v72.tsv.gz"	"computed_structural_class"	"polycyclic_organic"	"4392"
"compound_master"	"compound_master_v72.tsv.gz"	"computed_structural_class"	"peptidic_or_peptidomimetic"	"2419"
"compound_master"	"compound_master_v72.tsv.gz"	"computed_structural_class"	"carbohydrate_like"	"1374"
"compound_master"	"compound_master_v72.tsv.gz"	"computed_structural_class"	"lipid_like"	"1307"
"compound_master"	"compound_master_v72.tsv.gz"	"computed_structural_class"	"acyclic_organic_compound"	"756"
"compound_master"	"compound_master_v72.tsv.gz"	"computed_structural_class"	"cyclic_organic"	"609"
"compound_master"	"compound_master_v72.tsv.gz"	"computed_structural_class"	"acyclic_organic"	"404"
"compound_master"	"compound_master_v72.tsv.gz"	"computed_structural_class"	"other_defined_organic_compound"	"116"
"compound_master"	"compound_master_v72.tsv.gz"	"computed_structural_class"	"inorganic_chemical_entity"	"16"
"compound_master"	"compound_master_v72.tsv.gz"	"computed_structural_class"	"inorganic"	"10"
"compound_master"	"compound_master_v72.tsv.gz"	"computed_structural_class"	"organometallic_or_metal_containing"	"1"
"compound_master"	"compound_master_v72.tsv.gz"	"development_status"	"(blank)"	"412026"
"compound_master"	"compound_master_v72.tsv.gz"	"development_status"	"research_or_preclinical"	"232752"
"compound_master"	"compound_master_v72.tsv.gz"	"development_status"	"approved_drug"	"822"
"compound_master"	"compound_master_v72.tsv.gz"	"development_status"	"clinical_phase_2"	"661"
"compound_master"	"compound_master_v72.tsv.gz"	"development_status"	"clinical_phase_3"	"250"
"compound_master"	"compound_master_v72.tsv.gz"	"development_status"	"clinical_phase_1"	"153"
"compound_master"	"compound_master_v72.tsv.gz"	"development_status"	"clinical_phase_0.5"	"6"
"compound_master"	"compound_master_v72.tsv.gz"	"is_approved_drug"	"0"	"640433"
"compound_master"	"compound_master_v72.tsv.gz"	"is_approved_drug"	"(blank)"	"5415"
"compound_master"	"compound_master_v72.tsv.gz"	"is_approved_drug"	"1"	"822"
"compound_master"	"compound_master_v72.tsv.gz"	"is_clinical_candidate"	"0"	"640185"
"compound_master"	"compound_master_v72.tsv.gz"	"is_clinical_candidate"	"(blank)"	"5415"
"compound_master"	"compound_master_v72.tsv.gz"	"is_clinical_candidate"	"1"	"1070"
"compound_master"	"compound_master_v72.tsv.gz"	"is_endogenous_ligand"	"0"	"640392"
"compound_master"	"compound_master_v72.tsv.gz"	"is_endogenous_ligand"	"(blank)"	"5415"
"compound_master"	"compound_master_v72.tsv.gz"	"is_endogenous_ligand"	"1"	"863"
"compound_master"	"compound_master_v72.tsv.gz"	"is_natural_product"	"0"	"637712"
"compound_master"	"compound_master_v72.tsv.gz"	"is_natural_product"	"(blank)"	"5415"
"compound_master"	"compound_master_v72.tsv.gz"	"is_natural_product"	"1"	"3543"
"compound_master"	"compound_master_v72.tsv.gz"	"is_chemical_probe"	"0"	"640921"
"compound_master"	"compound_master_v72.tsv.gz"	"is_chemical_probe"	"(blank)"	"5415"
"compound_master"	"compound_master_v72.tsv.gz"	"is_chemical_probe"	"1"	"334"
"compound_master"	"compound_master_v72.tsv.gz"	"best_binding_evidence_level"	"(blank)"	"412129"
"compound_master"	"compound_master_v72.tsv.gz"	"best_binding_evidence_level"	"BE2"	"159893"
"compound_master"	"compound_master_v72.tsv.gz"	"best_binding_evidence_level"	"BE3"	"70802"
"compound_master"	"compound_master_v72.tsv.gz"	"best_binding_evidence_level"	"BE1"	"3846"
"positive_interaction_evidence"	"positive_interaction_evidence_v72.tsv.gz"	"evidence_tier"	"BE2"	"476234"
"positive_interaction_evidence"	"positive_interaction_evidence_v72.tsv.gz"	"evidence_tier"	"BE3"	"410510"
"positive_interaction_evidence"	"positive_interaction_evidence_v72.tsv.gz"	"evidence_tier"	"BE1"	"55711"
"positive_interaction_evidence"	"positive_interaction_evidence_v72.tsv.gz"	"evidence_type"	"direct_quantitative_binding"	"373138"
"positive_interaction_evidence"	"positive_interaction_evidence_v72.tsv.gz"	"evidence_type"	"pubchem_target_specific_quantitative_activity"	"308955"
"positive_interaction_evidence"	"positive_interaction_evidence_v72.tsv.gz"	"evidence_type"	"pubchem_direct_quantitative_binding"	"103096"
"positive_interaction_evidence"	"positive_interaction_evidence_v72.tsv.gz"	"evidence_type"	"functional_or_bioactivity_measurement"	"60101"
"positive_interaction_evidence"	"positive_interaction_evidence_v72.tsv.gz"	"evidence_type"	"experimental_structure_residue_contact"	"46203"
"positive_interaction_evidence"	"positive_interaction_evidence_v72.tsv.gz"	"evidence_type"	"binding_assay_activity"	"20099"
"positive_interaction_evidence"	"positive_interaction_evidence_v72.tsv.gz"	"evidence_type"	"curated_pharmacological_interaction"	"8673"
"positive_interaction_evidence"	"positive_interaction_evidence_v72.tsv.gz"	"evidence_type"	"curated_pharmacological_target_assertion"	"8596"
"positive_interaction_evidence"	"positive_interaction_evidence_v72.tsv.gz"	"evidence_type"	"compound_specific_structure_context"	"4647"
"positive_interaction_evidence"	"positive_interaction_evidence_v72.tsv.gz"	"evidence_type"	"pubchem_target_specific_activity"	"3673"
"positive_interaction_evidence"	"positive_interaction_evidence_v72.tsv.gz"	"evidence_type"	"experimental_complex_with_affinity"	"2869"
"positive_interaction_evidence"	"positive_interaction_evidence_v72.tsv.gz"	"evidence_type"	"compound_specific_structure"	"1992"
"positive_interaction_evidence"	"positive_interaction_evidence_v72.tsv.gz"	"evidence_type"	"target_specific_functional_pharmacology"	"413"
"positive_interaction_evidence"	"positive_interaction_evidence_v72.tsv.gz"	"evidence_directness"	"direct"	"362086"
"positive_interaction_evidence"	"positive_interaction_evidence_v72.tsv.gz"	"evidence_directness"	"functional_or_pharmacological"	"313041"
"positive_interaction_evidence"	"positive_interaction_evidence_v72.tsv.gz"	"evidence_directness"	"direct_quantitative"	"116140"
"positive_interaction_evidence"	"positive_interaction_evidence_v72.tsv.gz"	"evidence_directness"	"indirect_or_functional"	"60101"
"positive_interaction_evidence"	"positive_interaction_evidence_v72.tsv.gz"	"evidence_directness"	"direct_structural"	"49072"
"positive_interaction_evidence"	"positive_interaction_evidence_v72.tsv.gz"	"evidence_directness"	"binding_assay_activity"	"20099"
"positive_interaction_evidence"	"positive_interaction_evidence_v72.tsv.gz"	"evidence_directness"	"curated_or_functional"	"8673"
"positive_interaction_evidence"	"positive_interaction_evidence_v72.tsv.gz"	"evidence_directness"	"curated_target_relation"	"8596"
"positive_interaction_evidence"	"positive_interaction_evidence_v72.tsv.gz"	"evidence_directness"	"direct_structural_observation"	"4647"
"positive_interaction_evidence"	"positive_interaction_evidence_v72.tsv.gz"	"activity_type"	"Ki"	"385386"
"positive_interaction_evidence"	"positive_interaction_evidence_v72.tsv.gz"	"activity_type"	"IC50"	"280749"
"positive_interaction_evidence"	"positive_interaction_evidence_v72.tsv.gz"	"activity_type"	"Kd"	"91318"
"positive_interaction_evidence"	"positive_interaction_evidence_v72.tsv.gz"	"activity_type"	"AC50"	"60456"
"positive_interaction_evidence"	"positive_interaction_evidence_v72.tsv.gz"	"activity_type"	"EC50"	"47802"
"positive_interaction_evidence"	"positive_interaction_evidence_v72.tsv.gz"	"activity_type"	"structure_contact"	"46203"
"positive_interaction_evidence"	"positive_interaction_evidence_v72.tsv.gz"	"activity_type"	"(blank)"	"18937"
"positive_interaction_evidence"	"positive_interaction_evidence_v72.tsv.gz"	"activity_type"	"Potency"	"3311"
"positive_interaction_evidence"	"positive_interaction_evidence_v72.tsv.gz"	"activity_type"	"-"	"2442"
"positive_interaction_evidence"	"positive_interaction_evidence_v72.tsv.gz"	"activity_type"	"ED50"	"1353"
"positive_interaction_evidence"	"positive_interaction_evidence_v72.tsv.gz"	"activity_type"	"GI50"	"710"
"positive_interaction_evidence"	"positive_interaction_evidence_v72.tsv.gz"	"activity_type"	"Km"	"686"
"positive_interaction_evidence"	"positive_interaction_evidence_v72.tsv.gz"	"activity_type"	"Kb"	"432"
"positive_interaction_evidence"	"positive_interaction_evidence_v72.tsv.gz"	"activity_type"	"Kinact"	"355"
"positive_interaction_evidence"	"positive_interaction_evidence_v72.tsv.gz"	"activity_type"	"Activity"	"273"
"positive_interaction_evidence"	"positive_interaction_evidence_v72.tsv.gz"	"activity_type"	"Ke"	"244"
"positive_interaction_evidence"	"positive_interaction_evidence_v72.tsv.gz"	"activity_type"	"DC50"	"242"
"positive_interaction_evidence"	"positive_interaction_evidence_v72.tsv.gz"	"activity_type"	"KA"	"182"
"positive_interaction_evidence"	"positive_interaction_evidence_v72.tsv.gz"	"activity_type"	"INH"	"168"
"positive_interaction_evidence"	"positive_interaction_evidence_v72.tsv.gz"	"activity_type"	"IC90"	"108"
"positive_interaction_evidence"	"positive_interaction_evidence_v72.tsv.gz"	"activity_type"	"Inhibition"	"108"
"positive_interaction_evidence"	"positive_interaction_evidence_v72.tsv.gz"	"activity_type"	"Ka"	"93"
"positive_interaction_evidence"	"positive_interaction_evidence_v72.tsv.gz"	"activity_type"	"log(43000/Ki)"	"66"
"positive_interaction_evidence"	"positive_interaction_evidence_v72.tsv.gz"	"activity_type"	"fIC50"	"62"
"positive_interaction_evidence"	"positive_interaction_evidence_v72.tsv.gz"	"activity_type"	"2PT"	"59"
"positive_interaction_evidence"	"positive_interaction_evidence_v72.tsv.gz"	"activity_type"	"XI50"	"49"
"positive_interaction_evidence"	"positive_interaction_evidence_v72.tsv.gz"	"activity_type"	"Control compound IC50"	"34"
"positive_interaction_evidence"	"positive_interaction_evidence_v72.tsv.gz"	"activity_type"	"KB"	"33"
"positive_interaction_evidence"	"positive_interaction_evidence_v72.tsv.gz"	"activity_type"	"EC2"	"31"
"positive_interaction_evidence"	"positive_interaction_evidence_v72.tsv.gz"	"activity_type"	"IP"	"30"
"positive_interaction_evidence"	"positive_interaction_evidence_v72.tsv.gz"	"activity_type"	"Log Ki"	"30"
"positive_interaction_evidence"	"positive_interaction_evidence_v72.tsv.gz"	"activity_type"	"MEC"	"24"
"positive_interaction_evidence"	"positive_interaction_evidence_v72.tsv.gz"	"activity_type"	"Concentration"	"23"
"positive_interaction_evidence"	"positive_interaction_evidence_v72.tsv.gz"	"activity_type"	"ID50"	"23"
"positive_interaction_evidence"	"positive_interaction_evidence_v72.tsv.gz"	"activity_type"	"KD/Ki"	"22"
"positive_interaction_evidence"	"positive_interaction_evidence_v72.tsv.gz"	"activity_type"	"K"	"21"
"positive_interaction_evidence"	"positive_interaction_evidence_v72.tsv.gz"	"activity_type"	"Selectivity"	"21"
"positive_interaction_evidence"	"positive_interaction_evidence_v72.tsv.gz"	"activity_type"	"Affinity constant"	"19"
"positive_interaction_evidence"	"positive_interaction_evidence_v72.tsv.gz"	"activity_type"	"POTENCY_uM"	"17"
"positive_interaction_evidence"	"positive_interaction_evidence_v72.tsv.gz"	"activity_type"	"fEC50"	"16"
"positive_interaction_evidence"	"positive_interaction_evidence_v72.tsv.gz"	"activity_type"	"Log IC50"	"16"
"positive_interaction_evidence"	"positive_interaction_evidence_v72.tsv.gz"	"activity_type"	"2aPTT"	"15"
"positive_interaction_evidence"	"positive_interaction_evidence_v72.tsv.gz"	"activity_type"	"EC"	"15"
"positive_interaction_evidence"	"positive_interaction_evidence_v72.tsv.gz"	"activity_type"	"Ks"	"14"
"positive_interaction_evidence"	"positive_interaction_evidence_v72.tsv.gz"	"activity_type"	"EC40"	"14"
"positive_interaction_evidence"	"positive_interaction_evidence_v72.tsv.gz"	"activity_type"	"IC5"	"12"
"positive_interaction_evidence"	"positive_interaction_evidence_v72.tsv.gz"	"activity_type"	"Occ50"	"10"
"positive_interaction_evidence"	"positive_interaction_evidence_v72.tsv.gz"	"activity_type"	"Inflection point"	"10"
"positive_interaction_evidence"	"positive_interaction_evidence_v72.tsv.gz"	"activity_type"	"IC20"	"9"
"positive_interaction_evidence"	"positive_interaction_evidence_v72.tsv.gz"	"activity_type"	"Emax"	"9"
"positive_interaction_evidence"	"positive_interaction_evidence_v72.tsv.gz"	"activity_type"	"Kd(app)"	"8"
"positive_interaction_evidence"	"positive_interaction_evidence_v72.tsv.gz"	"activity_type"	"LC50"	"8"
"positive_interaction_evidence"	"positive_interaction_evidence_v72.tsv.gz"	"activity_type"	"IC70"	"8"
"positive_interaction_evidence"	"positive_interaction_evidence_v72.tsv.gz"	"activity_type"	"ECmax"	"8"
"positive_interaction_evidence"	"positive_interaction_evidence_v72.tsv.gz"	"activity_type"	"Kd,app"	"7"
"positive_interaction_evidence"	"positive_interaction_evidence_v72.tsv.gz"	"activity_type"	"Kdapp"	"7"
"positive_interaction_evidence"	"positive_interaction_evidence_v72.tsv.gz"	"activity_type"	"GIC50"	"7"
"positive_interaction_evidence"	"positive_interaction_evidence_v72.tsv.gz"	"activity_type"	"Affinity"	"7"
"positive_interaction_evidence"	"positive_interaction_evidence_v72.tsv.gz"	"activity_type"	"EC200"	"6"
"positive_interaction_evidence"	"positive_interaction_evidence_v72.tsv.gz"	"activity_type"	"CD"	"6"
"positive_interaction_evidence"	"positive_interaction_evidence_v72.tsv.gz"	"activity_type"	"CC50"	"6"
"positive_interaction_evidence"	"positive_interaction_evidence_v72.tsv.gz"	"activity_type"	"pKb"	"5"
"positive_interaction_evidence"	"positive_interaction_evidence_v72.tsv.gz"	"activity_type"	"pA2"	"5"
"positive_interaction_evidence"	"positive_interaction_evidence_v72.tsv.gz"	"activity_type"	"pKi"	"5"
"positive_interaction_evidence"	"positive_interaction_evidence_v72.tsv.gz"	"activity_type"	"IC200"	"4"
"positive_interaction_evidence"	"positive_interaction_evidence_v72.tsv.gz"	"activity_type"	"Binding affinity"	"4"
"positive_interaction_evidence"	"positive_interaction_evidence_v72.tsv.gz"	"activity_type"	"K1/2"	"4"
"positive_interaction_evidence"	"positive_interaction_evidence_v72.tsv.gz"	"activity_type"	"IC80"	"3"
"positive_interaction_evidence"	"positive_interaction_evidence_v72.tsv.gz"	"activity_type"	"Kic"	"3"
"positive_interaction_evidence"	"positive_interaction_evidence_v72.tsv.gz"	"activity_type"	"Ki'"	"3"
"positive_interaction_evidence"	"positive_interaction_evidence_v72.tsv.gz"	"activity_type"	"Kis"	"3"
"positive_interaction_evidence"	"positive_interaction_evidence_v72.tsv.gz"	"activity_type"	"IC"	"3"
"positive_interaction_evidence"	"positive_interaction_evidence_v72.tsv.gz"	"activity_type"	"Kieq"	"3"
"positive_interaction_evidence"	"positive_interaction_evidence_v72.tsv.gz"	"activity_type"	"Intrinsic activity"	"3"
"positive_interaction_evidence"	"positive_interaction_evidence_v72.tsv.gz"	"activity_type"	"Imax"	"3"
"positive_interaction_evidence"	"positive_interaction_evidence_v72.tsv.gz"	"activity_type"	"Kact"	"3"
"positive_interaction_evidence"	"positive_interaction_evidence_v72.tsv.gz"	"activity_type"	"Cp"	"3"
"positive_interaction_evidence"	"positive_interaction_evidence_v72.tsv.gz"	"activity_type"	"EC10"	"3"
"positive_interaction_evidence"	"positive_interaction_evidence_v72.tsv.gz"	"activity_type"	"EC1.5"	"3"
"positive_interaction_evidence"	"positive_interaction_evidence_v72.tsv.gz"	"activity_type"	"A2"	"2"
"positive_interaction_evidence"	"positive_interaction_evidence_v72.tsv.gz"	"activity_type"	"% Control"	"2"
"positive_interaction_evidence"	"positive_interaction_evidence_v72.tsv.gz"	"activity_type"	"FC50"	"2"
"positive_interaction_evidence"	"positive_interaction_evidence_v72.tsv.gz"	"activity_type"	"SPAV3"	"2"
"positive_interaction_evidence"	"positive_interaction_evidence_v72.tsv.gz"	"activity_type"	"MIC"	"2"
"positive_interaction_evidence"	"positive_interaction_evidence_v72.tsv.gz"	"activity_type"	"K beta"	"2"
"positive_interaction_evidence"	"positive_interaction_evidence_v72.tsv.gz"	"activity_type"	"EC5"	"2"
"positive_interaction_evidence"	"positive_interaction_evidence_v72.tsv.gz"	"activity_type"	"EC90"	"2"
"positive_interaction_evidence"	"positive_interaction_evidence_v72.tsv.gz"	"activity_type"	"K0.5"	"2"
"positive_interaction_evidence"	"positive_interaction_evidence_v72.tsv.gz"	"activity_type"	"Kc"	"2"
"positive_interaction_evidence"	"positive_interaction_evidence_v72.tsv.gz"	"activity_type"	"EC30"	"2"
"positive_interaction_evidence"	"positive_interaction_evidence_v72.tsv.gz"	"activity_type"	"Kbapp"	"2"
"positive_interaction_evidence"	"positive_interaction_evidence_v72.tsv.gz"	"activity_type"	"Occ90"	"2"
"positive_interaction_evidence"	"positive_interaction_evidence_v72.tsv.gz"	"activity_type"	"Keq"	"2"
"positive_interaction_evidence"	"positive_interaction_evidence_v72.tsv.gz"	"activity_type"	"EC20"	"2"
"positive_interaction_evidence"	"positive_interaction_evidence_v72.tsv.gz"	"activity_type"	"Kd1"	"2"
"positive_interaction_evidence"	"positive_interaction_evidence_v72.tsv.gz"	"activity_type"	"Bmax"	"1"
"positive_interaction_evidence"	"positive_interaction_evidence_v72.tsv.gz"	"activity_type"	"IC60"	"1"
"positive_interaction_evidence"	"positive_interaction_evidence_v72.tsv.gz"	"activity_type"	"Relative binding affinity"	"1"
"positive_interaction_evidence"	"positive_interaction_evidence_v72.tsv.gz"	"activity_type"	"Dose"	"1"
"positive_interaction_evidence"	"positive_interaction_evidence_v72.tsv.gz"	"activity_type"	"Efficacy"	"1"
"positive_interaction_evidence"	"positive_interaction_evidence_v72.tsv.gz"	"activity_type"	"C50"	"1"
"positive_interaction_evidence"	"positive_interaction_evidence_v72.tsv.gz"	"activity_type"	"Ki1"	"1"
"positive_interaction_evidence"	"positive_interaction_evidence_v72.tsv.gz"	"activity_type"	"I0.5"	"1"
"positive_interaction_evidence"	"positive_interaction_evidence_v72.tsv.gz"	"activity_type"	"Kif"	"1"
"positive_interaction_evidence"	"positive_interaction_evidence_v72.tsv.gz"	"activity_type"	"Ks app"	"1"
"positive_interaction_evidence"	"positive_interaction_evidence_v72.tsv.gz"	"activity_type"	"Ka app"	"1"
"positive_interaction_evidence"	"positive_interaction_evidence_v72.tsv.gz"	"activity_type"	"KL"	"1"
"positive_interaction_evidence"	"positive_interaction_evidence_v72.tsv.gz"	"activity_type"	"Kii"	"1"
"positive_interaction_evidence"	"positive_interaction_evidence_v72.tsv.gz"	"activity_type"	"3.3"	"1"
"positive_interaction_evidence"	"positive_interaction_evidence_v72.tsv.gz"	"activity_type"	"Ke(app)"	"1"
"positive_interaction_evidence"	"positive_interaction_evidence_v72.tsv.gz"	"activity_type"	"EC25"	"1"
"positive_interaction_evidence"	"positive_interaction_evidence_v72.tsv.gz"	"activity_type"	"XC50"	"1"
"positive_interaction_evidence"	"positive_interaction_evidence_v72.tsv.gz"	"activity_type"	"CC90"	"1"
"positive_interaction_evidence"	"positive_interaction_evidence_v72.tsv.gz"	"activity_type"	"Kd2"	"1"
"positive_interaction_evidence"	"positive_interaction_evidence_v72.tsv.gz"	"activity_type"	"Kr"	"1"
"positive_interaction_evidence"	"positive_interaction_evidence_v72.tsv.gz"	"source_database"	"PubChem BioAssay"	"490656"
"positive_interaction_evidence"	"positive_interaction_evidence_v72.tsv.gz"	"source_database"	"ChEMBL"	"337442"
"positive_interaction_evidence"	"positive_interaction_evidence_v72.tsv.gz"	"source_database"	"PDBe"	"46203"
"positive_interaction_evidence"	"positive_interaction_evidence_v72.tsv.gz"	"source_database"	"BindingDB"	"32978"
"positive_interaction_evidence"	"positive_interaction_evidence_v72.tsv.gz"	"source_database"	"IUPHAR/BPS Guide to PHARMACOLOGY"	"10973"
"positive_interaction_evidence"	"positive_interaction_evidence_v72.tsv.gz"	"source_database"	"PDSP KiDatabase"	"10176"
"positive_interaction_evidence"	"positive_interaction_evidence_v72.tsv.gz"	"source_database"	"PDBbind"	"5576"
"positive_interaction_evidence"	"positive_interaction_evidence_v72.tsv.gz"	"source_database"	"DrugCentral"	"4822"
"positive_interaction_evidence"	"positive_interaction_evidence_v72.tsv.gz"	"source_database"	"sc-PDB"	"1547"
"positive_interaction_evidence"	"positive_interaction_evidence_v72.tsv.gz"	"source_database"	"ChEMBL;DrugCentral"	"1146"
"positive_interaction_evidence"	"positive_interaction_evidence_v72.tsv.gz"	"source_database"	"BioLiP"	"393"
"positive_interaction_evidence"	"positive_interaction_evidence_v72.tsv.gz"	"source_database"	"ChEMBL;PubChem BioAssay"	"227"
"positive_interaction_evidence"	"positive_interaction_evidence_v72.tsv.gz"	"source_database"	"ChEMBL;DrugCentral;PubChem BioAssay"	"172"
"positive_interaction_evidence"	"positive_interaction_evidence_v72.tsv.gz"	"source_database"	"DrugCentral;PubChem BioAssay"	"144"
"positive_interaction_evidence"	"positive_interaction_evidence_v72.tsv.gz"	"site_availability_v72"	"NO_REPORTED_RESIDUE"	"888736"
"positive_interaction_evidence"	"positive_interaction_evidence_v72.tsv.gz"	"site_availability_v72"	"SOURCE_REPORTED_RESIDUE"	"53719"
"interaction_site"	"interaction_site_v72.tsv.gz"	"source_site_type"	"experimental_structure_residue_contact"	"46102"
"interaction_site"	"interaction_site_v72.tsv.gz"	"source_site_type"	"experimental_structure_match"	"4647"
"interaction_site"	"interaction_site_v72.tsv.gz"	"source_site_type"	"experimental_complex_pocket"	"2869"
"interaction_site"	"interaction_site_v72.tsv.gz"	"source_site_type"	"bindingdb_ligand_target_complex"	"1992"
"interaction_site"	"interaction_site_v72.tsv.gz"	"site_residue_status"	"RESIDUE_COMPLETE"	"49318"
"interaction_site"	"interaction_site_v72.tsv.gz"	"site_residue_status"	"RESIDUE_PARTIAL"	"3077"
"interaction_site"	"interaction_site_v72.tsv.gz"	"site_residue_status"	"RESIDUE_SOURCE_ONLY"	"1886"
"interaction_site"	"interaction_site_v72.tsv.gz"	"site_residue_status"	"NO_RESIDUE_REPORTED"	"1329"
"interaction_site"	"interaction_site_v72.tsv.gz"	"coordinate_mapping_status"	"COORDINATE_COMPLETE"	"49097"
"interaction_site"	"interaction_site_v72.tsv.gz"	"coordinate_mapping_status"	"SOURCE_STRUCTURE_ONLY"	"3436"
"interaction_site"	"interaction_site_v72.tsv.gz"	"coordinate_mapping_status"	"COORDINATE_PARTIAL"	"3077"
"interaction_site"	"interaction_site_v72.tsv.gz"	"chain_assignment_status"	"UNIQUE_CHAIN"	"52189"
"interaction_site"	"interaction_site_v72.tsv.gz"	"chain_assignment_status"	"CHAIN_NOT_REPORTED"	"3200"
"interaction_site"	"interaction_site_v72.tsv.gz"	"chain_assignment_status"	"MULTIPLE_EQUIVALENT_CHAINS"	"221"
"interaction_site"	"interaction_site_v72.tsv.gz"	"structure_ligand_relationship"	"LIGAND_IDENTITY_UNRESOLVED"	"53618"
"interaction_site"	"interaction_site_v72.tsv.gz"	"structure_ligand_relationship"	"STRUCTURE_ONLY_NO_QUERY_LIGAND"	"1329"
"interaction_site"	"interaction_site_v72.tsv.gz"	"structure_ligand_relationship"	"EXACT_COCRYSTAL_LIGAND"	"663"
"interaction_site"	"interaction_site_v72.tsv.gz"	"membrane_side"	"unknown"	"48331"
"interaction_site"	"interaction_site_v72.tsv.gz"	"membrane_side"	"extramembrane_side_unresolved"	"4390"
"interaction_site"	"interaction_site_v72.tsv.gz"	"membrane_side"	"membrane_interface_or_mixed"	"1328"
"interaction_site"	"interaction_site_v72.tsv.gz"	"membrane_side"	"intramembrane"	"773"
"interaction_site"	"interaction_site_v72.tsv.gz"	"membrane_side"	"cytoplasmic_side"	"407"
"interaction_site"	"interaction_site_v72.tsv.gz"	"membrane_side"	"non_cytoplasmic_side"	"378"
"interaction_site"	"interaction_site_v72.tsv.gz"	"membrane_side"	"both_sides_or_mixed"	"3"
"interaction_site"	"interaction_site_v72.tsv.gz"	"site_tier_v72"	"S2_COORDINATE_COMPLETE_LIGAND_UNRESOLVED"	"48655"
"interaction_site"	"interaction_site_v72.tsv.gz"	"site_tier_v72"	"S3_SOURCE_OR_PARTIAL"	"6513"
"interaction_site"	"interaction_site_v72.tsv.gz"	"site_tier_v72"	"S1_EXACT_COCRYSTAL_COORDINATE_COMPLETE"	"442"
"interaction_site"	"interaction_site_v72.tsv.gz"	"coordinate_docking_eligible"	"1"	"52174"
"interaction_site"	"interaction_site_v72.tsv.gz"	"coordinate_docking_eligible"	"0"	"3436"
"protein_disease_relation"	"protein_disease_relation_v72.tsv.gz"	"best_evidence_level"	"high"	"3196"
"protein_disease_relation"	"protein_disease_relation_v72.tsv.gz"	"best_evidence_level"	"medium"	"2146"
"protein_disease_relation"	"protein_disease_relation_v72.tsv.gz"	"best_evidence_level"	"very_high"	"1411"
"protein_disease_relation"	"protein_disease_relation_v72.tsv.gz"	"disease_disposition_v7_final"	"PUBLIC_EXACT_CANONICAL"	"6753"
"disease_therapeutic_area"	"disease_therapeutic_area_v72.tsv.gz"	"therapeutic_area_name"	"genetic, familial or congenital disease"	"3708"
"disease_therapeutic_area"	"disease_therapeutic_area_v72.tsv.gz"	"therapeutic_area_name"	"nervous system disorder"	"1412"
"disease_therapeutic_area"	"disease_therapeutic_area_v72.tsv.gz"	"therapeutic_area_name"	"phenotype"	"1207"
"disease_therapeutic_area"	"disease_therapeutic_area_v72.tsv.gz"	"therapeutic_area_name"	"nutritional or metabolic disease"	"820"
"disease_therapeutic_area"	"disease_therapeutic_area_v72.tsv.gz"	"therapeutic_area_name"	"musculoskeletal or connective tissue disease"	"758"
"disease_therapeutic_area"	"disease_therapeutic_area_v72.tsv.gz"	"therapeutic_area_name"	"integumentary system disorder"	"338"
"disease_therapeutic_area"	"disease_therapeutic_area_v72.tsv.gz"	"therapeutic_area_name"	"immune system disorder"	"328"
"disease_therapeutic_area"	"disease_therapeutic_area_v72.tsv.gz"	"therapeutic_area_name"	"cancer or benign tumor"	"324"
"disease_therapeutic_area"	"disease_therapeutic_area_v72.tsv.gz"	"therapeutic_area_name"	"disorder of visual system"	"308"
"disease_therapeutic_area"	"disease_therapeutic_area_v72.tsv.gz"	"therapeutic_area_name"	"cardiovascular disorder"	"306"
"disease_therapeutic_area"	"disease_therapeutic_area_v72.tsv.gz"	"therapeutic_area_name"	"hematologic disorder"	"303"
"disease_therapeutic_area"	"disease_therapeutic_area_v72.tsv.gz"	"therapeutic_area_name"	"endocrine system disorder"	"292"
"disease_therapeutic_area"	"disease_therapeutic_area_v72.tsv.gz"	"therapeutic_area_name"	"gastrointestinal disease"	"178"
"disease_therapeutic_area"	"disease_therapeutic_area_v72.tsv.gz"	"therapeutic_area_name"	"urinary system disorder"	"157"
"disease_therapeutic_area"	"disease_therapeutic_area_v72.tsv.gz"	"therapeutic_area_name"	"reproductive system or breast disease"	"150"
"disease_therapeutic_area"	"disease_therapeutic_area_v72.tsv.gz"	"therapeutic_area_name"	"psychiatric disorder"	"83"
"disease_therapeutic_area"	"disease_therapeutic_area_v72.tsv.gz"	"therapeutic_area_name"	"respiratory or thoracic disease"	"64"
"disease_therapeutic_area"	"disease_therapeutic_area_v72.tsv.gz"	"therapeutic_area_name"	"disorder of ear"	"62"
"disease_therapeutic_area"	"disease_therapeutic_area_v72.tsv.gz"	"therapeutic_area_name"	"hepatobiliary disorder"	"40"
"disease_therapeutic_area"	"disease_therapeutic_area_v72.tsv.gz"	"therapeutic_area_name"	"infectious disease"	"16"
"disease_therapeutic_area"	"disease_therapeutic_area_v72.tsv.gz"	"therapeutic_area_name"	"pregnancy or perinatal disease"	"4"
"disease_therapeutic_area"	"disease_therapeutic_area_v72.tsv.gz"	"therapeutic_area_name"	"injury, poisoning or other complication"	"2"
"disease_anatomical_system"	"disease_anatomical_system_v72.tsv.gz"	"anatomical_system_name"	"nervous system"	"7220"
"disease_anatomical_system"	"disease_anatomical_system_v72.tsv.gz"	"anatomical_system_name"	"musculoskeletal system"	"2976"
"disease_anatomical_system"	"disease_anatomical_system_v72.tsv.gz"	"anatomical_system_name"	"entire sense organ system"	"2519"
"disease_anatomical_system"	"disease_anatomical_system_v72.tsv.gz"	"anatomical_system_name"	"circulatory system"	"1649"
"disease_anatomical_system"	"disease_anatomical_system_v72.tsv.gz"	"anatomical_system_name"	"cardiovascular system"	"1461"
"disease_anatomical_system"	"disease_anatomical_system_v72.tsv.gz"	"anatomical_system_name"	"integumental system"	"1340"
"disease_anatomical_system"	"disease_anatomical_system_v72.tsv.gz"	"anatomical_system_name"	"digestive system"	"1067"
"disease_anatomical_system"	"disease_anatomical_system_v72.tsv.gz"	"anatomical_system_name"	"excretory system"	"951"
"disease_anatomical_system"	"disease_anatomical_system_v72.tsv.gz"	"anatomical_system_name"	"reproductive system"	"801"
"disease_anatomical_system"	"disease_anatomical_system_v72.tsv.gz"	"anatomical_system_name"	"hematopoietic system"	"506"
"disease_anatomical_system"	"disease_anatomical_system_v72.tsv.gz"	"anatomical_system_name"	"vascular system"	"468"
"disease_anatomical_system"	"disease_anatomical_system_v72.tsv.gz"	"anatomical_system_name"	"alimentary part of gastrointestinal system"	"466"
"disease_anatomical_system"	"disease_anatomical_system_v72.tsv.gz"	"anatomical_system_name"	"respiratory system"	"392"
"disease_anatomical_system"	"disease_anatomical_system_v72.tsv.gz"	"anatomical_system_name"	"lymphoid system"	"155"
"disease_anatomical_system"	"disease_anatomical_system_v72.tsv.gz"	"anatomical_system_name"	"exocrine system"	"62"
"disease_anatomical_system"	"disease_anatomical_system_v72.tsv.gz"	"anatomical_system_name"	"lacrimal apparatus"	"2"
"disease_anatomical_system"	"disease_anatomical_system_v72.tsv.gz"	"anatomical_system_name"	"neuroendocrine system"	"1"
"disease_anatomical_system"	"disease_anatomical_system_v72.tsv.gz"	"assertion_status"	"inferred_from_mondo_ancestor"	"14914"
"disease_anatomical_system"	"disease_anatomical_system_v72.tsv.gz"	"assertion_status"	"inferred_from_doid_ancestor"	"6839"
"disease_anatomical_system"	"disease_anatomical_system_v72.tsv.gz"	"assertion_status"	"asserted"	"283"
"expression_measurement"	"expression_measurement_v72.tsv.gz"	"measurement_layer"	"RNA"	"2469375"
"expression_measurement"	"expression_measurement_v72.tsv.gz"	"measurement_layer"	"protein"	"577414"
"expression_measurement"	"expression_measurement_v72.tsv.gz"	"measurement_type"	"nCPM"	"1168104"
"expression_measurement"	"expression_measurement_v72.tsv.gz"	"measurement_type"	"nTPM"	"692391"
"expression_measurement"	"expression_measurement_v72.tsv.gz"	"measurement_type"	"IHC_level"	"426534"
"expression_measurement"	"expression_measurement_v72.tsv.gz"	"measurement_type"	"TPM"	"304440"
"expression_measurement"	"expression_measurement_v72.tsv.gz"	"measurement_type"	"pTPM"	"304440"
"expression_measurement"	"expression_measurement_v72.tsv.gz"	"measurement_type"	"MS_intensity"	"150880"
"expression_measurement"	"expression_measurement_v72.tsv.gz"	"detection_status"	"detected"	"2212992"
"expression_measurement"	"expression_measurement_v72.tsv.gz"	"detection_status"	"not_detected"	"730088"
"expression_measurement"	"expression_measurement_v72.tsv.gz"	"detection_status"	"missing_or_not_measured"	"103709"
"expression_measurement"	"expression_measurement_v72.tsv.gz"	"reliability"	"(blank)"	"2620255"
"expression_measurement"	"expression_measurement_v72.tsv.gz"	"reliability"	"Approved"	"164503"
"expression_measurement"	"expression_measurement_v72.tsv.gz"	"reliability"	"Enhanced"	"156629"
"expression_measurement"	"expression_measurement_v72.tsv.gz"	"reliability"	"Uncertain"	"63199"
"expression_measurement"	"expression_measurement_v72.tsv.gz"	"reliability"	"Supported"	"42203"
"expression_measurement"	"expression_measurement_v72.tsv.gz"	"v7_mapping_state"	"mapped"	"3024088"
"expression_measurement"	"expression_measurement_v72.tsv.gz"	"v7_mapping_state"	"unmapped_or_ambiguous"	"22701"
"expression_measurement"	"expression_measurement_v72.tsv.gz"	"hpa_missingness_status_v72"	"NO_COMBINED_MISSINGNESS_LIMITATION"	"2943080"
"expression_measurement"	"expression_measurement_v72.tsv.gz"	"hpa_missingness_status_v72"	"SOURCE_UNRESOLVED_MISSING_OR_NOT_MEASURED"	"103709"
"subcellular_localization"	"subcellular_localization_v72.tsv.gz"	"location_role"	"main"	"6123"
"subcellular_localization"	"subcellular_localization_v72.tsv.gz"	"location_role"	"approved"	"4862"
"subcellular_localization"	"subcellular_localization_v72.tsv.gz"	"location_role"	"additional"	"3300"
"subcellular_localization"	"subcellular_localization_v72.tsv.gz"	"location_role"	"supported"	"2448"
"subcellular_localization"	"subcellular_localization_v72.tsv.gz"	"location_role"	"uncertain"	"1714"
"subcellular_localization"	"subcellular_localization_v72.tsv.gz"	"location_role"	"enhanced"	"399"
"subcellular_localization"	"subcellular_localization_v72.tsv.gz"	"location_role"	"extracellular"	"245"
"subcellular_localization"	"subcellular_localization_v72.tsv.gz"	"hpa_reliability"	"Approved"	"9910"
"subcellular_localization"	"subcellular_localization_v72.tsv.gz"	"hpa_reliability"	"Supported"	"6678"
"subcellular_localization"	"subcellular_localization_v72.tsv.gz"	"hpa_reliability"	"Uncertain"	"1571"
"subcellular_localization"	"subcellular_localization_v72.tsv.gz"	"hpa_reliability"	"Enhanced"	"932"
"subcellular_localization"	"subcellular_localization_v72.tsv.gz"	"direct_observation_flag"	"1"	"9668"
"subcellular_localization"	"subcellular_localization_v72.tsv.gz"	"direct_observation_flag"	"0"	"9423"
"subcellular_localization"	"subcellular_localization_v72.tsv.gz"	"v7_mapping_state"	"mapped"	"19001"
"subcellular_localization"	"subcellular_localization_v72.tsv.gz"	"v7_mapping_state"	"unmapped_or_ambiguous"	"90"
"protein_complex"	"protein_complex_v72.tsv.gz"	"complex_class"	"heteromeric_complex"	"4275"
"protein_complex"	"protein_complex_v72.tsv.gz"	"complex_class"	"homomer_or_single_component_complex"	"309"
"protein_complex"	"protein_complex_v72.tsv.gz"	"membrane_relevance"	"all_protein_components_membrane"	"3424"
"protein_complex"	"protein_complex_v72.tsv.gz"	"membrane_relevance"	"contains_membrane_protein"	"1160"
"protein_complex"	"protein_complex_v72.tsv.gz"	"stoichiometry_status"	"source_annotations_available"	"4295"
"protein_complex"	"protein_complex_v72.tsv.gz"	"stoichiometry_status"	"unknown"	"289"
"protein_complex"	"protein_complex_v72.tsv.gz"	"required_optional_subunit_status"	"not_yet_curated"	"4584"
"evidence_lineage"	"evidence_lineage_v72.tsv.gz"	"evidence_modality"	"quantitative_binding"	"456030"
"evidence_lineage"	"evidence_lineage_v72.tsv.gz"	"evidence_modality"	"bioassay"	"416267"
"evidence_lineage"	"evidence_lineage_v72.tsv.gz"	"evidence_modality"	"structure"	"57750"
"evidence_lineage"	"evidence_lineage_v72.tsv.gz"	"evidence_modality"	"functional_or_curated_relation"	"12393"
"evidence_lineage"	"evidence_lineage_v72.tsv.gz"	"evidence_modality"	"functional_pharmacology"	"15"
"evidence_lineage"	"evidence_lineage_v72.tsv.gz"	"cross_database_experiment_mirror_status"	"NOT_DETECTED"	"872237"
"evidence_lineage"	"evidence_lineage_v72.tsv.gz"	"cross_database_experiment_mirror_status"	"WITHIN_DATABASE_DUPLICATE_KEY"	"61841"
"evidence_lineage"	"evidence_lineage_v72.tsv.gz"	"cross_database_experiment_mirror_status"	"CROSS_DATABASE_MIRROR"	"8377"
"evidence_lineage"	"evidence_lineage_v72.tsv.gz"	"cross_database_structure_mirror_status"	"NOT_DETECTED"	"900383"
"evidence_lineage"	"evidence_lineage_v72.tsv.gz"	"cross_database_structure_mirror_status"	"WITHIN_DATABASE_DUPLICATE_KEY"	"33695"
"evidence_lineage"	"evidence_lineage_v72.tsv.gz"	"cross_database_structure_mirror_status"	"CROSS_DATABASE_MIRROR"	"8377"
"evidence_target_entity_assignment"	"evidence_target_entity_assignment_v72.tsv.gz"	"target_entity_type_v72"	"canonical_protein"	"942455"
"evidence_target_entity_assignment"	"evidence_target_entity_assignment_v72.tsv.gz"	"protein_form_specificity_v72"	"ISOFORM_UNSPECIFIED"	"942455"
"evidence_target_entity_assignment"	"evidence_target_entity_assignment_v72.tsv.gz"	"assignment_policy_v72"	"EXPLICIT_FORM_WHEN_SOURCE_SPECIFIC_ELSE_CANONICAL"	"942455"