"relative_path"	"bytes"	"sha256"
"00_交接说明\01_项目与数据交接说明.md"	"2492"	"c9cd614166680756dc31e614cf48485a69307f27d19929176aeaae920c4a3771"
"00_交接说明\02_正式表与展示图索引.md"	"3294"	"9c38a7cdb67bac9211d260723ab48cbe4d2a830782a466c590475b4439a58d83"
"00_交接说明\03_复现流程.md"	"3029"	"67877035b1ad6aaa8d25c41b193c71602eb6c45b12735b4725c55a74c00ee6c1"
"00_交接说明\04_已知限制与授权边界.md"	"2409"	"e06a3d326c6657b89f12f94f679cd168b2bfa627af64d0f9f416124273db179a"
"00_交接说明\05_SOURCE_VERSIONS.tsv"	"1834"	"566e33bf1be3a25c9cb4959c975dd66806393ea90a172ddf4ee2d7c4f0003cf0"
"00_交接说明\06_ORIGINAL_INPUT_LOCATIONS.tsv"	"948"	"a9c01a178534c0518120230846718914fe4a4ef4e830758bf1327451c40ab49d"
"00_交接说明\07_HANDOFF_SUMMARY_EN.md"	"885"	"59abfec205f1f4c59238208cda84faff0c07f47815a9b385359bbed92a8aa1a8"
"00_交接说明\08_RELEASE_COUNTS.tsv"	"1093"	"407f22ad0ea8e12f6cc464b799bce5bb74665951eba92ec4fcc1ec35fd4cf812"
"01_正式数据_V6.2\anatomy_cell_location_ontology_mapping_v2.tsv"	"69789"	"4b4bab128a72f11c4506d83d57bbd58b690e42c2075598ec09e6bbb3731bedfb"
"01_正式数据_V6.2\binding_evidence_master_v6_2.tsv.gz"	"203449970"	"230f618cb323db101dec86ee1db7a1435d4c45eaea98b46d8c1bcd4bec6e3028"
"01_正式数据_V6.2\binding_site_instances_v6_2.tsv.gz"	"4931154"	"c25e5d329d0369a47cced51036a728ce3d90b26da9ae60641d4b11114ad83825"
"01_正式数据_V6.2\biological_assembly_components_v2.tsv.gz"	"22873262"	"e6b6cc1ac89f4d17f563226f8c99ecf423b0430fcad4c27f6f08b66e2b513bdb"
"01_正式数据_V6.2\compound_form_hierarchy_v1_3.tsv"	"1059014504"	"17fccbe13b8e4ed522f29ab7d1429b98293825cda690781650504bb8d3ad6627"
"01_正式数据_V6.2\expression_location_review_queue_v2.tsv.gz"	"4648"	"74a265450eb7b95099733a48cdd8a79024983888353621f78301e28e1bbd6ddc"
"01_正式数据_V6.2\expression_location_summary_v2.tsv.gz"	"340323"	"d0273763843149eef91bf9e1d1e879f84e38102d9c309ebec6727d268d766224"
"01_正式数据_V6.2\FREEZE_v6_2.json"	"406"	"17b1b0a1d3ed8e0368d4c8e86b902d3b3c01cf8ad89b822c88a624d84b3702dd"
"01_正式数据_V6.2\human_membrane_protein_master_v6_2.tsv"	"52843569"	"9cfed443dc122d03fa37345775174a8d00347b8f217f18f0c18ee06ead813834"
"01_正式数据_V6.2\METHODS_v6_2.md"	"672"	"2edd9811c86ec30fea1376ef0c0f7b6279d171e1a1f9cec4706dfe71e723b7c4"
"01_正式数据_V6.2\negative_binding_evidence_unmapped_review_v1_2.tsv.gz"	"151102844"	"4f2fc0063cafd96977aebbbdfb5440586b4ffc8c56483f4843634505674fdf37"
"01_正式数据_V6.2\negative_binding_evidence_v1_2.tsv.gz"	"667406504"	"204798d6cafca1d58007c347075c5fda72ae72d840a0fd132a2803de81d97446"
"01_正式数据_V6.2\negative_cid_identity_crosswalk_v62.tsv.gz"	"46041801"	"b7fe2190bf3aa7d920810c39c4126503571c99b42e8a4495172ab26d06612bf3"
"01_正式数据_V6.2\negative_evidence_duplicate_audit_v6_2.tsv.gz"	"21590"	"ed01da95f0d9202dbc73c1cde86a8b5e4fe3e276d3b65375b0dd9a466e206706"
"01_正式数据_V6.2\negative_evidence_duplicate_audit_v62.tsv.gz"	"56562"	"b27779a714b586edf8fe0642b410a7c73a074faea22eb85e415740f6fe42bf2e"
"01_正式数据_V6.2\protein_biological_assembly_v2.tsv.gz"	"3598286"	"b15e913bc5f68e98605d0d3b46a1bc1043b44f19eece12a2280a51a77cda6ad3"
"01_正式数据_V6.2\protein_cell_cluster_expression_v2.tsv.gz"	"336821034"	"8f6ab9b878b95b79dc14c30b0aacfad2d3f8e02fe8c928ac441cd4ea1f043257"
"01_正式数据_V6.2\protein_cell_type_expression_v2.tsv.gz"	"55303666"	"4b8f6b56bfe3b77ac0c3b75e0dbd7d86270f47f134d8c13f3006c0150180d1cf"
"01_正式数据_V6.2\protein_compound_negative_summary_v6_2.tsv.gz"	"17724501"	"9a882b24bc0c2b9e0c6206e4a090cbc11fae33f9ab12985de638497928c44574"
"01_正式数据_V6.2\protein_compound_summary_v6_2.tsv.gz"	"22431767"	"113b7e25fa8d725960269c5e83d198fe01826b546a3ec423036471ce1b220df0"
"01_正式数据_V6.2\protein_gene_disease_relations_v6_2.tsv"	"5256914"	"f8fb599748d49ecd792ba2f832007e4da89a83513a00fc7fdf12bfdc9726495d"
"01_正式数据_V6.2\protein_subcellular_localization_v2.tsv.gz"	"788158"	"0a42a99e398936853c82e157f0342ff82c071666f9eada796e72983f1e070a65"
"01_正式数据_V6.2\protein_subunit_summary_v2.tsv.gz"	"2686814"	"3daa6740c4c768653072b95fa01cb0c6d173c54cd32d3c07fb84fa8f12657b2d"
"01_正式数据_V6.2\protein_tissue_cell_ihc_expression_v2.tsv.gz"	"17616158"	"77f441163b74139331275915ef78bb27fc6a17bd9e4042ace2fb3f4a5385d091"
"01_正式数据_V6.2\protein_tissue_expression_v2.tsv.gz"	"50912395"	"cce173f4b2c02b00fa90ee185603eb1e63b29567c26a4be5f4f91ef9544dd831"
"01_正式数据_V6.2\README_v6_2.md"	"495"	"f3ef21e91a0e0eaecbf3172e0cdf6fe4bce1d88226bdae905ab935d0e624c02c"
"01_正式数据_V6.2\RELEASE_INFO_v6_2.json"	"1431"	"df09adc3b8e2cf9c6608d7c11e8a0ed8d276b7dbd4705c3f26b568f9eb3e88f5"
"01_正式数据_V6.2\RELEASE_MANIFEST_v6_2.tsv"	"3533"	"2f5764ebee7b8278e05f29ae30300e5754710f4f6c20a7ea4c6a4e502bf8ecf8"
"01_正式数据_V6.2\SHA256SUMS_v6_2.txt"	"3389"	"50e1a65a67b0b33b71c1768736101deaf7a7dc12ab0d27e434f35a2c62932bbc"
"01_正式数据_V6.2\small_molecule_master_v1_3.tsv"	"1608636299"	"d689e899fcce2764aff1a573ee16b03ed194d95c6a6f627f031cf8210cf37caa"
"01_正式数据_V6.2\subunit_conflict_review_v2.tsv.gz"	"698960"	"3e801126473e581636747cd9034dc6ad517db380072fddbc8c26ebcbe698cecd"
"01_正式数据_V6.2\uniprot_subunit_annotations_v2.tsv.gz"	"1235880"	"ec58020846652c88fb48799d28d3df201d1e6b274c233b965e9e2eeca8783a6b"
"01_正式数据_V6.2\V62_PREFLIGHT_QA_GATE.json"	"687"	"4f5454fa60eeb9f9ea00271316e12de359b6cb21bd2233a645e7f2c4a74bbadf"
"01_正式数据_V6.2\V62_STRATIFIED_VALIDATION_SAMPLE.tsv"	"68787"	"9fa40a138397b8ef3aec669ffb28fa9ef5ca626f8feb8fcf227d4197b6c761aa"
"01_正式数据_V6.2\V62_VALIDATION_REPORT.json"	"586"	"d4ed8fb17f77f258e2cb033c20ad69069b1c29938521646404ac621dbd731611"
"02_展示图表_V6.2\captions\CAPTION_M0_SOURCE_VERSIONS.md"	"2019"	"05cca131316970f1014cf6e3a05012b26f313980e99b430aa3a166bc88315255"
"02_展示图表_V6.2\captions\CAPTIONS_ALL_FIGURES.md"	"6037"	"ddfb1d84fd48b39eb866c95bbf53bae1ec671a65cbf3c5b6892a3a62e39785bd"
"02_展示图表_V6.2\captions\CAPTIONS_M1_M4.md"	"2023"	"a075f0fa56d2a9c7a6c9642e086a7aab3467cc32099bd936a569c82401a1985f"
"02_展示图表_V6.2\captions\CAPTIONS_M5_M8.md"	"1932"	"d132cc51286305cb920551343a454e935242c12285da06634dcadeeca2cf4e00"
"02_展示图表_V6.2\captions\CAPTIONS_SUPPLEMENTARY_FIGURES.md"	"2043"	"2aa5b6cd1807dda7590d62e56d0a7a173ee2d916c1d87243fdcd68d0bda98451"
"02_展示图表_V6.2\data\M0_source_versions_contributions.tsv"	"3052"	"00602508a00eebe435105a44286b919464b63324c4976581fa98a86c245d857b"
"02_展示图表_V6.2\data\M1_source_module_matrix.tsv"	"530"	"b5887c9d32502e158792f42a62312a4066e0c4377d80bd04d8a1657cc540078f"
"02_展示图表_V6.2\data\M2_class_evidence_counts.tsv"	"100"	"3a8fa4911c9aa3be6260f36d8fcca39bac3522fb306e58bf25691bccd6cdd7e2"
"02_展示图表_V6.2\data\M2_structure_coverage.tsv"	"920"	"f1c33fb49c298aa2c5fb2958ae9e5edc78ba7e150526115a10cc0b484cb937cd"
"02_展示图表_V6.2\data\M3_cell_type_expression_matrix.tsv"	"1237"	"a88103f62c5528647bbb195a3147349b8444dbb1a60337de3edc13dfc96bc05a"
"02_展示图表_V6.2\data\M3_tissue_expression_matrix.tsv"	"1243"	"8c0a0c0f7c63702d81dcf5d2d794265c39df57845677d4b8ef97d1aeb977835a"
"02_展示图表_V6.2\data\M4_disease_evidence_matrix.tsv"	"1811"	"dda48060287c23467dfe6f40a1015f3318de4fac09d03191ade19dfb4df9bd38"
"02_展示图表_V6.2\data\M4_disease_system_evidence_counts.tsv"	"300"	"caf835582f238e5a5083b221d0da8ba1eafaf7e7354cbe993145ce406e07224a"
"02_展示图表_V6.2\data\M4_expression_disease_jaccard.tsv"	"2354"	"5b388bd2d9790fb03d8657e080cb4669b23f50a3130897a2b4276beb41aa7392"
"02_展示图表_V6.2\data\M5_morgan_embedding.tsv"	"405821"	"9cf66316f505069bba82c02cbbfae931282c6259247c73fa6cd6b5197553664e"
"02_展示图表_V6.2\data\M5_morgan_umap_coordinates.tsv"	"405821"	"9cf66316f505069bba82c02cbbfae931282c6259247c73fa6cd6b5197553664e"
"02_展示图表_V6.2\data\M5_structural_class_counts.tsv"	"309"	"1212efe9384af3ee270103fa9107051b63b436baf9ea577beb50738b32184c87"
"02_展示图表_V6.2\data\M6_protein_chemical_observed.tsv"	"641"	"58b64603e3e7dcb4d80b56362a23bcd7b8aabc78d2c5370e78a3e8e8b4cd030f"
"02_展示图表_V6.2\data\M6_protein_chemical_residual.tsv"	"951"	"ad692f8e6d83d8bb8be2d98b4f55783b94ee6574260ee53178ac4fe743d7deaa"
"02_展示图表_V6.2\data\M6_source_evidence_matrix.tsv"	"411"	"f9d03520f39c74c88c6a2e6199aade6edb1187e63f40d6b67bbe6a78eba74e71"
"02_展示图表_V6.2\data\M7_conflict_evidence_matrix.tsv"	"287"	"7e5e38b8947a963413245218d1fe8cfe0c9afaab8f68ca5d095b3a748d452d1a"
"02_展示图表_V6.2\data\M7_missingness.tsv"	"430"	"f08bf05bbd645511841d3283fc7cd8cc405bd382540f69db9454c33c55df229b"
"02_展示图表_V6.2\data\M8_target_tier_matrix.tsv"	"318"	"5ef49aa08d7661291883cfb4c054ba77cfb648b3abf7e1704e1dd6d08baabd20"
"02_展示图表_V6.2\data\M8_workload.tsv"	"102"	"797b8a9911020d2892ebb0a518de47aab4dc322af33155d72417c5d0c5ed13a5"
"02_展示图表_V6.2\data\S1_membrane_source_counts.tsv"	"138"	"16026482270a4efa402987018f21e65885b2284653a4393bb09168dda5a670b8"
"02_展示图表_V6.2\data\S2_assembly_summary.tsv"	"139"	"c8cb2c8e4861c1ca5d992ea08bae2c315e5b54928188d5ca77af8d507a3ce730"
"02_展示图表_V6.2\data\S3_expression_localization_qa.tsv"	"136"	"007bda18f1eb0027ed730956405614071f712faa483876fc2a78225a0f794ca5"
"02_展示图表_V6.2\data\S4_disease_channel_prevalence.tsv"	"299"	"bdfab6554bcb296ddd2129188b04c9a744728bcb21fe820f1d47a68da171357e"
"02_展示图表_V6.2\data\S5_compound_summary_cache.tsv"	"3453724"	"e2bb59484d5c5034ce67d8fc3abd0dd181a51de727b5e162eba5ab0e4a8fae22"
"02_展示图表_V6.2\data\S5_identity_confidence.tsv"	"65"	"dc26d351a4233dc7100fe5f3a72ebd7ae8eeb4116e979d33b18452cd935b6f81"
"02_展示图表_V6.2\data\S6_docking_tier_summary.tsv"	"145"	"7889c834d33504093de14e01274f67cf45e49c60b6b873706e1b28db304b08b6"
"02_展示图表_V6.2\pdf\M0_source_versions_contributions.pdf"	"66497"	"1ac8729c709c7a2b81a6a648be06445a26451d5e09358d1de29982cde4632a5e"
"02_展示图表_V6.2\pdf\M1_database_architecture_quality.pdf"	"68691"	"c0735aebe22b58b37e0618fd9c306102a6aa8f6dec79aaae2075df63d38f44c3"
"02_展示图表_V6.2\pdf\M2_membrane_proteome_landscape.pdf"	"65893"	"241eae1ec9d8808130b13bdf4a5e2d7fa050240121f1be40d34a8b81a65d02a0"
"02_展示图表_V6.2\pdf\M3_expression_localization_atlas.pdf"	"78698"	"9e2248cf189784324c0f991d65062f653e232d1c2d08761e4ab3c5b643678ddf"
"02_展示图表_V6.2\pdf\M4_disease_association_landscape.pdf"	"76589"	"0280cccc75cc69a8183b0b9c4c756df37d646a0134977ce136ace001a61410aa"
"02_展示图表_V6.2\pdf\M5_chemical_identity_space.pdf"	"176500"	"b107afb49487e8e2731e5f6f68a4a3058270980c344d407fc087df4b275feaae"
"02_展示图表_V6.2\pdf\M6_binding_evidence_sites.pdf"	"89675"	"587c336c9d30c529c127b900fb3295d611e72312ad3bd0915dc7a1aaf3730f02"
"02_展示图表_V6.2\pdf\M7_negative_conflicts_quality.pdf"	"64863"	"f5c0baadf574c7ceb79c5dae6f30c5c4542cd8d4335424e13dd8f30c73ecca4d"
"02_展示图表_V6.2\pdf\M8_docking_prioritization.pdf"	"103604"	"911dd1fa3ee9e65655a94f5ec7b611b2346359fe2fd15894b8b24c6873b90011"
"02_展示图表_V6.2\pdf\S1_source_integration.pdf"	"54785"	"eb9c40c939080a2732f0f6e98012ebb1b64b16f8ac560742b25bceff44b674c5"
"02_展示图表_V6.2\pdf\S2_topology_classification_assembly.pdf"	"57940"	"69117757164e5daebe3a4258b7973f20cd94748f594724e1ec4a4d3d5e35eea4"
"02_展示图表_V6.2\pdf\S3_expression_localization_detail.pdf"	"74399"	"dda149413283d47c09e9641ddeb6fc240c193f213c67512001a50377a07900ca"
"02_展示图表_V6.2\pdf\S4_disease_ontology_evidence.pdf"	"60451"	"1faf0dc27b13351f5753b04d60e8e90b0777a555ca8c6731cf56ffb229c287c0"
"02_展示图表_V6.2\pdf\S5_compound_identity_qc.pdf"	"59087"	"4f551deb6762f6130293ceaa0fd79d9d45c295fce84cf838b7712b5514c28417"
"02_展示图表_V6.2\pdf\S6_docking_robustness.pdf"	"55666"	"169a6192c2d9dabbfac5c02ce131e4e29e8874c441ad55b0fb468631c976f6dc"
"02_展示图表_V6.2\png\M0_source_versions_contributions.png"	"1774589"	"eaf8569f52a4b539aa030355eb429b7c5b20bc0572c88a870fc3811cec2db80a"
"02_展示图表_V6.2\png\M1_database_architecture_quality.png"	"1148185"	"6c4ee96bdef9b17c1e8c8d0e172f1db9cf60505ed53ed1f91f90d29c1849df67"
"02_展示图表_V6.2\png\M2_membrane_proteome_landscape.png"	"977601"	"342b20625fb85e45a00b7621fac0167f192b60c961f0962b065247106d84c92f"
"02_展示图表_V6.2\png\M3_expression_localization_atlas.png"	"1475916"	"b1efa18660db43b3ac3bbd0cec36eb7397f5f4ea54125d2f07b1627e1ad99baa"
"02_展示图表_V6.2\png\M4_disease_association_landscape.png"	"2561100"	"76452c9af0016f27d5b4681d4b68ec0b9640a8e9d25859d8843d287c69d76a2e"
"02_展示图表_V6.2\png\M5_chemical_identity_space.png"	"3347038"	"57097828baf2781194a2074660315a98f4df0b4c1016ab19c98b0e6a87366063"
"02_展示图表_V6.2\png\M6_binding_evidence_sites.png"	"1133466"	"5cd67fde57136f6c572a955a42edede14857ca18db60d5ae2a22980f272f61c7"
"02_展示图表_V6.2\png\M7_negative_conflicts_quality.png"	"1180081"	"cce78a39554549bc36cc7e9181de1235e5109cdac942ea34ab81db4da3638799"
"02_展示图表_V6.2\png\M8_docking_prioritization.png"	"1063870"	"16f8471b80fea8568f06379987ead03e3aad9c400c9287a2a9c2dae9c883d97a"
"02_展示图表_V6.2\png\S1_source_integration.png"	"786833"	"6fba34000ad0975c0b4845a013d7b562315cb51eb8269c1dd812c619afca0ddb"
"02_展示图表_V6.2\png\S2_topology_classification_assembly.png"	"887834"	"c8d96b4e838686a5fcc1898f0eef5d037646d1a6773d7c7ad379f4abe762a0f6"
"02_展示图表_V6.2\png\S3_expression_localization_detail.png"	"1237501"	"97d842ab88182c6e2e979e5e380140d565e5ffdeb1e25ffcdd37b6b1a6066586"
"02_展示图表_V6.2\png\S4_disease_ontology_evidence.png"	"886734"	"d25e0bdaaaf9b056eca18c8f82bc7a984493ca9d396f9c8586e0edca57f841ca"
"02_展示图表_V6.2\png\S5_compound_identity_qc.png"	"776018"	"a18a1522253c2fa3168cade30d85a5759911ab7e672b8b2ef839704237579e98"
"02_展示图表_V6.2\png\S6_docking_robustness.png"	"642525"	"debb8cef9d6b491b18225296ec96b4bb42ab5a4545e98fd1ddadaf32c1993b5d"
"02_展示图表_V6.2\qa\ALL_FIGURES_CONTACT_SHEET.png"	"2491354"	"0e6fec4585dd612754925f368cabc5530018652e13c8bbdaf89843babd933764"
"02_展示图表_V6.2\qa\FIGURE_INPUT_PROFILE_V62.json"	"5383"	"4b015ea7d541fbcaea293ed99af2b077eed8b77621f286a5bfa80963de392537"
"02_展示图表_V6.2\qa\FIGURE_PACKAGE_VALIDATION.json"	"5808"	"a63205a27d077752b65636743a1e51a02c228e4ef4cd2f593b1e553743ecaaa8"
"02_展示图表_V6.2\qa\FIGURES_M1_M4_VALIDATION.json"	"1830"	"87ce14aac6ba42f4e98df1ad769c908e643960328150d17a766171afda8b0270"
"02_展示图表_V6.2\qa\FIGURES_M5_M8_VALIDATION.json"	"1922"	"7a1c97940eb05fd9469ae2c3379aefb94b07e446251672b67ed9b96679c369cd"
"02_展示图表_V6.2\qa\M1_M4_contact_sheet.png"	"810611"	"417bd04cc82f7eabc398608418887f68744fd908de398a43a29e963d991f7259"
"02_展示图表_V6.2\qa\M5_M8_contact_sheet.png"	"672640"	"d4e50e5caa9c428b5c95b8f9303b8a9401fbd8fef4ca45e732e8d3c6a6fc6fc1"
"02_展示图表_V6.2\qa\MAIN_FIGURES_CONTACT_SHEET.png"	"1661143"	"0ddfb7d2878ce9eed3530aa2ac6fd893bb2b5b94535a07b26ad79292626010c3"
"02_展示图表_V6.2\qa\S5_compound_summary_cache.json"	"578"	"78272d084f94c995b58d18fc7f69a4fb164769d7936b6c838499971a899e125f"
"02_展示图表_V6.2\qa\supplementary_build.stderr.log"	"0"	"e3b0c44298fc1c149afbf4c8996fb92427ae41e4649b934ca495991b7852b855"
"02_展示图表_V6.2\qa\supplementary_build.stdout.log"	"2553"	"26209ab67cf00c2db3d0a8c1bfbca8cc315a72f47e80ba19da78aff9d89f915c"
"02_展示图表_V6.2\qa\SUPPLEMENTARY_FIGURES_CONTACT_SHEET.png"	"830340"	"30bcfead0ae31f0c26f2872a83fde0162e5f4ea56a500a3d4eb3f57a17111ad3"
"02_展示图表_V6.2\qa\SUPPLEMENTARY_FIGURES_VALIDATION.json"	"2551"	"53618c322ca464bdd34eae51f782479e38adc51e4d5e04e7ad9a4b6f9cf2b752"
"02_展示图表_V6.2\README_FIGURES.md"	"1317"	"8bf0a1acb5592b2daea8bbbdcd5f4e27baf718593c6e20b20069877a832de70c"
"02_展示图表_V6.2\svg\M0_source_versions_contributions.svg"	"56349"	"f89779c8b03ba1479a9ddbc5c93b1fa00e48e338fd6758be00cf23a2f70be809"
"02_展示图表_V6.2\svg\M1_database_architecture_quality.svg"	"82107"	"f88ecb4a4b26b89f728f9df78834f5f696072787018594d654c77c82f8f99077"
"02_展示图表_V6.2\svg\M2_membrane_proteome_landscape.svg"	"105583"	"ee4f950876d81b15649e81ffdeddd8b16bc76abc517a578a4e893330eff2c19c"
"02_展示图表_V6.2\svg\M3_expression_localization_atlas.svg"	"130664"	"c0fb4bec74c1d997d21030b409a05994f33b252115f5c0e6d306d6a1f7699526"
"02_展示图表_V6.2\svg\M4_disease_association_landscape.svg"	"176071"	"e0b3e86c0d74dbab2fa1a1ca845f84a706602489b72f216a5a39b7c4c55ff98a"
"02_展示图表_V6.2\svg\M5_chemical_identity_space.svg"	"259887"	"2265814c8a4f917619ccf08dcf74a865df3edac2bbfa9d475e190da7523cda11"
"02_展示图表_V6.2\svg\M6_binding_evidence_sites.svg"	"157211"	"f83109dc326ab37e4b8eae07969c7732d865088337a83206ccc96ee8a689bede"
"02_展示图表_V6.2\svg\M7_negative_conflicts_quality.svg"	"80817"	"cc28ad203861c282f64a67f0cb29f86f45580159dafc4c49c58f59639669b2e8"
"02_展示图表_V6.2\svg\M8_docking_prioritization.svg"	"184457"	"ff5ec3a246f6b41b36836df303d737533a076e3112d7f4e0ae5b7f6d278450e9"
"02_展示图表_V6.2\svg\S1_source_integration.svg"	"52003"	"af99ed41d8b5410d56fa5220c496103c08d17f96cc5fd55e99a858b830710dff"
"02_展示图表_V6.2\svg\S2_topology_classification_assembly.svg"	"60302"	"336f252719b91e3ea0102c4fda64c939fe5c0269cd540e6bbed2ee18eda9d245"
"02_展示图表_V6.2\svg\S3_expression_localization_detail.svg"	"147800"	"f4cbb4746a562d06bfb8195a2f1ebb08dec1389166fe221c2a65cd7d2e03eadb"
"02_展示图表_V6.2\svg\S4_disease_ontology_evidence.svg"	"66450"	"83c8cdce822149df035f48836b39eb310db8469600cecc6a363fd0824166e946"
"02_展示图表_V6.2\svg\S5_compound_identity_qc.svg"	"76302"	"ef250e81a4c227561aaf178dfae322282854321d19cf793e13685a34072e9134"
"02_展示图表_V6.2\svg\S6_docking_robustness.svg"	"58479"	"eab9256509c9da260e99593451a9c05079f384656aca2df80dcbbf9b64ed39dc"
"03_Docking名单_V6.2\DOCKING_HPC_SHORTLIST_V2_V62_DATA_DICTIONARY.md"	"1002"	"109d1ab65911d9a3c12dfd59417bd8f308b2f7d8d07944931f5f2c413838cc25"
"03_Docking名单_V6.2\qa\DOCKING_HPC_SHORTLIST_V2_V62_VALIDATION.json"	"1910"	"1d1de81c9d4325c134a7d6f8d6a238eae89354f7f3b0907e93c3cfb273d7503e"
"03_Docking名单_V6.2\staging\docking_conflict_review_v2_v62.tsv.gz"	"593126"	"606a32c5935e009dca1c839940fcabed0a9dc04f18df94f5742e0e2c61c0998e"
"03_Docking名单_V6.2\staging\docking_full_nonconflict_v2_v62.tsv.gz"	"15791048"	"9029b38bccca1521a3e6c7e594d11be389e37b2d27bdc466119b8a505f6345a9"
"03_Docking名单_V6.2\staging\docking_hpc_pilot_v2_v62.tsv"	"5909955"	"72b8b40840715702de70143d700f7c7e67f75e4007bb60aa2097ecfc416dac65"
"03_Docking名单_V6.2\staging\docking_hpc_standard_v2_v62.tsv.gz"	"1921588"	"ade632636db21c9f11cdd35c4cb174870b8023cf8bf86115dc58d91f4bdd2936"
"03_Docking名单_V6.2\staging\docking_hpc_target_summary_v2_v62.tsv"	"289270"	"d42dff766b21523460ef93e88ea7fad49538ececba992014cd11eb6ce27f1241"
"04_复现代码\ENVIRONMENT.txt"	"415"	"a7e8a62af1fe05aecc9928fb73f62ab5dfea3577e23c25a69e41f784d95c4a6b"
"04_复现代码\evidence_expansion_config\baseline_paths.json"	"1293"	"3345cc21e0ff47e7e092bbf4321060757d1844580403a39c06f7f7883e98d102"
"04_复现代码\evidence_expansion_config\evidence_policy_v2.md"	"1304"	"d6700bf312c364bb7049f928d837175041bdb820f0cd2e9c03cd888f98337195"
"04_复现代码\evidence_expansion_config\normalized_source_schema.tsv"	"1482"	"4f15a404a55724ca975140674130f55f4d24825591f0e9be80f276541a31d9f6"
"04_复现代码\evidence_expansion_config\source_plan.tsv"	"1917"	"8013fd6fef81f2d6294d1d40f84b017cf3f84363c232e0e1aa48f174ffbd52a9"
"04_复现代码\evidence_expansion_scripts\audit_incremental_ready_v4.py"	"7221"	"bbe36a08a3e4bc429afcb919f40ba1ab4164873639aced9d6dce361499b68dc5"
"04_复现代码\evidence_expansion_scripts\build_docking_hpc_shortlists_v62.py"	"15566"	"3f35d02aeac939f1397450402c7a6c42ef06dd869100ae0a3d3acd19b58f6be1"
"04_复现代码\evidence_expansion_scripts\build_docking_selection_v1.py"	"31809"	"cbfab4df1d75496561e08632ed362203ab633a74531f1c42a372a644012b63f3"
"04_复现代码\evidence_expansion_scripts\build_docking_selection_v1_v61.py"	"1658"	"92b4b7d7c68ee3e7f01bf63289dfda88d78eca6192656e3615121d9b45f31c6c"
"04_复现代码\evidence_expansion_scripts\build_docking_selection_v1_v62.py"	"1634"	"63384235a9f72503b4c5e2c41324b6378ad124d1c49cb4adbb9939717966fc25"
"04_复现代码\evidence_expansion_scripts\build_expression_location_module_v1.py"	"53956"	"9f059f12f891ba09f5919a778cd2403e357d0e167e8d326fab6d26a93755eacb"
"04_复现代码\evidence_expansion_scripts\build_expression_location_module_v2.py"	"35211"	"1ef53445c2e3536f141736faa2e6c8bfaacce9e6ff7183d292c2791536490dc6"
"04_复现代码\evidence_expansion_scripts\build_figures_m1_m4_v62.py"	"36975"	"87ca81097c27c319c3b65ba8c4c581b0d1769e17f217abe9922eeed25662cd9f"
"04_复现代码\evidence_expansion_scripts\build_figures_m5_m8_v62.py"	"36270"	"9c87837df4dcbb51a9cef90e3e9e09d748bc306440ef0ff80439142ffb0eae57"
"04_复现代码\evidence_expansion_scripts\build_incremental_evidence_release_v6.py"	"44319"	"86f0c3410ff1d943d54ad3db7978fa43b595df64acfa78d601e4a160129cb0c9"
"04_复现代码\evidence_expansion_scripts\build_incremental_master_release_v6.py"	"11874"	"f61330bb0964d95966400d838011de0973b4724217f1c56d410a5b60cf0e1aa0"
"04_复现代码\evidence_expansion_scripts\build_integration_index_v2.py"	"8166"	"862d9ffebc15d6ad8de3bb6840b70f568370de8e17f927397c322b9871c333d6"
"04_复现代码\evidence_expansion_scripts\build_pre_pubchem_incremental_delta_v3.py"	"10465"	"d88f2696cc67a72b00fb60e1246abd1e1acbe2f2a5ef958e58ba489c9cec6f23"
"04_复现代码\evidence_expansion_scripts\build_source_version_figure_v62.py"	"7858"	"61c3ad127bc0c641a496466640a3de8ef2053d0a07bc4c572c51a5e67826217f"
"04_复现代码\evidence_expansion_scripts\build_subunit_assembly_module_v1.py"	"28186"	"97504fca01e765ace72f47d19408ca1b7b7e7bd9a830a11e8f803e2e54948943"
"04_复现代码\evidence_expansion_scripts\build_subunit_assembly_module_v2.py"	"25700"	"159a8d68e6afc1ec7529e433fc0e4c61fbaddeecb95b705e98a7e804d0419ba0"
"04_复现代码\evidence_expansion_scripts\build_supplementary_figures_v62.py"	"26277"	"c1b5338ad3ffcbcc9586beeab0027be72476ddef3b8a4f98e0852523a4dad3f8"
"04_复现代码\evidence_expansion_scripts\build_v61_premerge_identity.py"	"25052"	"4fcaeb543a2f42139e2ef060b208bc938e2d067633626c0df573754a592365b3"
"04_复现代码\evidence_expansion_scripts\build_v61_release_delta_preview.py"	"12622"	"55cc576994b225969529f5c33eeebd4ec3136fb1d53ab58ffe056ecc29d64dc2"
"04_复现代码\evidence_expansion_scripts\correct_v61_reconciliation_freeze.py"	"4068"	"2ab257baf21d4a0e4d98f14fdf7d4d4e43ffb43ccdac568fa599e340efd0e2fd"
"04_复现代码\evidence_expansion_scripts\discover_pubchem_aids_v2.py"	"7307"	"5a7ccbb76c93427c4b0e6b5e6a1c70dc57a4a21b2c7c61dc0a48ac3b55ba73aa"
"04_复现代码\evidence_expansion_scripts\download_hpa_v62.py"	"5417"	"fe3d2e1d5e8ed6cd6b061b2303c1682bbac8353434069a2fcc0dd75853299faa"
"04_复现代码\evidence_expansion_scripts\fetch_gpcrdb_ligands_v2.py"	"7560"	"f122cbe96e7b527548b26baf4e56c3ed4f1c3f53dfe474f63789d4b62a1671d9"
"04_复现代码\evidence_expansion_scripts\fetch_negative_pubchem_properties_v62.py"	"8430"	"fe6121b1bd9ff10242495e686a134797bb2e1eea55ce800b1efa692897db3396"
"04_复现代码\evidence_expansion_scripts\fetch_pdbe_ligand_sites_v2.py"	"8050"	"987cd9fead6862398efca3d940c498dd63ab7aec09f77d984ecc418000fca4be"
"04_复现代码\evidence_expansion_scripts\fetch_pubchem_compound_properties_v61.py"	"12202"	"544aeb1cf35e6cb87c1b45d62d6a3c285d6203f80b8176116296b0f1c4fa682d"
"04_复现代码\evidence_expansion_scripts\fetch_pubchem_protein_concise_v2.py"	"10185"	"806a5f3fc7b6bc42c6cbf7f44af3faceda67180802ae027403c68c8462600b0f"
"04_复现代码\evidence_expansion_scripts\fetch_rcsb_ccd_properties_v61.py"	"15673"	"516d5b35e454741644a09e16c3e18e7bf58e8806158b1b56da9cecbd0264d07f"
"04_复现代码\evidence_expansion_scripts\figure_style_v62.py"	"8529"	"118bc135b5692e74cfdf80896e3ba8b2a1a17cb86ad1609b20bb26001b64383a"
"04_复现代码\evidence_expansion_scripts\finalize_v61_release.py"	"99928"	"e4f57e0a0328edf60d4ec90df2e4b3bcbc3af14c74cc406b1b6754736f70f28b"
"04_复现代码\evidence_expansion_scripts\finalize_v62_release.py"	"35677"	"a9b8464db511b92e3886fffff22bc5048d8c2db5cdcd9d2bd5017fbd61310ea7"
"04_复现代码\evidence_expansion_scripts\freeze_baseline_v2.py"	"6781"	"b4c362a9a5a224bca41c5ea954e8aad6e88462a8785d0547c83a879c6eda426e"
"04_复现代码\evidence_expansion_scripts\initialize_incremental_run_v3.py"	"7883"	"37633d777b422c0aaff186189ccae16233bdd3f6d860700bd64714813b980ba7"
"04_复现代码\evidence_expansion_scripts\initialize_v61_identity_expansion.py"	"15508"	"1b5ba5c079d952d53b758a057f5e015454e64d8a4771802edc233e9de312fa4a"
"04_复现代码\evidence_expansion_scripts\map_pubchem_properties_v61.py"	"10768"	"1c83cc2a0b24a4ea452c7907128fbd61115104dc9105b025a52b5331830e9dfa"
"04_复现代码\evidence_expansion_scripts\merge_structural_identity_candidates_v61.py"	"9650"	"6f8cb238e28e142f8ef82c3ad99b73b5a6af66c62716aa56f652ddadf34c6793"
"04_复现代码\evidence_expansion_scripts\monitor_v61_finalization_gate.py"	"2418"	"3c60271fb158623ce2099b3e84fafb65d1a0eda3b3a24f2b9d6627bcecd5bd37"
"04_复现代码\evidence_expansion_scripts\normalize_brenda_human_membrane_v3.py"	"28943"	"3f2667246d92bf8754851da38b4ffd9c92b7dfce6f9a6292a5bf6e43a3a7f3a7"
"04_复现代码\evidence_expansion_scripts\normalize_gpcrdb_ligands_v2.py"	"22802"	"6b1186b257c527fdc0d64fbf1c0493f558a056d43d4b5ac5e1820830259b5f63"
"04_复现代码\evidence_expansion_scripts\normalize_pdbbind_membrane_v3.py"	"22210"	"660ea343c83fee0d1f4a48f497d69b6146744e086cb48ac2a5d2f55d9736e745"
"04_复现代码\evidence_expansion_scripts\normalize_pdbe_ligand_sites_v3.py"	"17347"	"2b66a7af83650e1a9a48ac3ba72c405f825ba873c537cb32b7aa151912ea3655"
"04_复现代码\evidence_expansion_scripts\normalize_pubchem_protein_concise_v3.py"	"18540"	"2d6e2810fff4ccb0008613c163b1eddfd59958409c4a01f5b9f3bfa91738d974"
"04_复现代码\evidence_expansion_scripts\preflight_v62_qa.py"	"9115"	"8ecd9aa94f05d6f7c5ba1c8c90cd4225174de1cae1b3b36ab6c911e94bd0c42f"
"04_复现代码\evidence_expansion_scripts\prepare_brenda_compound_identity_queue_v3.py"	"7560"	"ec486e78b1ebd03c0503e585b559254981be19aadbc138b9867854a1ac841031"
"04_复现代码\evidence_expansion_scripts\prepare_negative_identity_v62.py"	"7746"	"27249a2b712b755da416478e0058eb934952b928f070bd7c18b3d7ee0f8f2630"
"04_复现代码\evidence_expansion_scripts\prepare_pdbbind_membrane_subset_v2.py"	"6251"	"d2b19e0b21fdf44cde1343088b33ed982e109ce1b44d355f06ff3d95a243676a"
"04_复现代码\evidence_expansion_scripts\prepare_pubchem_target_map_v2.py"	"2953"	"9d7acef847f0b23d04eb5f9879c5b10a008a38e9f04ecf831172369df2788ee6"
"04_复现代码\evidence_expansion_scripts\profile_figure_inputs_v62.py"	"3445"	"eb96bd398c16be256d51fc4e31fafae9dbad92917bb188b68ce2153d4516ec90"
"04_复现代码\evidence_expansion_scripts\repair_v61_validation_blockers.py"	"9866"	"489bc2f23b524c61e7f102c8c8673bcd701e9b10ef046b37707e4215416cb39d"
"04_复现代码\evidence_expansion_scripts\resolve_brenda_names_v61.py"	"19888"	"0625926370177f523bf52da2d3cef07bb304e6447f4778f8d06f3bd6fcfc5e37"
"04_复现代码\evidence_expansion_scripts\resolve_negative_evidence_v62.py"	"36194"	"ce229550c400c114a0918c00da8241db7cbbb8a5d9c5df06e8f5f64b1e6b8cc5"
"04_复现代码\evidence_expansion_scripts\resolve_pdbbind_ligands_v61.py"	"12691"	"5b4ecda3caec0d08c69517ff12111d6bd1cd64e58c891e2608e9be1f8e607342"
"04_复现代码\evidence_expansion_scripts\resume_v61_after_canonical.py"	"12166"	"534dff3aacaf68802b3d099ca6bf76ecdaa4bdfa715a383a6b94c0d88c715571"
"04_复现代码\evidence_expansion_scripts\resume_v61_after_evidence.py"	"9627"	"fef318b0ebd602d898174a13867467b1a7ab34eb969654635040be61d95e959e"
"04_复现代码\evidence_expansion_scripts\resume_v61_pair_and_freeze.py"	"5606"	"9f7615885bbb652d7762b5f7a347ed3e42293c731a56c5208c7fd3be03d9c3bb"
"04_复现代码\evidence_expansion_scripts\run_after_negative_fetch_v62.ps1"	"990"	"dfa7e13d527cf4a295a82fe51898c3a873b9df3b8cac28467dc66b566722105c"
"04_复现代码\evidence_expansion_scripts\run_brenda_after_pubchem_v61.py"	"956"	"457de78ee6a9c643f043c624d3aaa00ad6bcf08101a7d536b64b1f3173a557d0"
"04_复现代码\evidence_expansion_scripts\run_finalize_incremental_v6.py"	"2903"	"4303f26375284f5b2fb033068dc8b627760cee38d3aef439bd47fc95a5457f34"
"04_复现代码\evidence_expansion_scripts\run_finalize_v62_when_ready.ps1"	"1214"	"ad36b36d21bf0e43fe937e18bb148330d68f62808e102b0fda4e0ef3977553c2"
"04_复现代码\evidence_expansion_scripts\run_negative_identity_v62.ps1"	"408"	"24dc8a7ebe5823d2f2f334c4830fe31be780dc80ea4b6b5dfbe4dc38941db918"
"04_复现代码\evidence_expansion_scripts\run_pubchem_remaining_v61.py"	"2002"	"c8ed25482a988d4ad2830c5e1539c0ef252538e277712650814a42bcee2237a2"
"04_复现代码\evidence_expansion_scripts\validate_and_freeze_release_v6.py"	"15340"	"a2ab6db75398507a1e84b35bd90a3fcb1f0e6da332a2d59f6ca12b84d8d7129d"
"04_复现代码\evidence_expansion_scripts\validate_figure_package_v62.py"	"6116"	"0340f32a7bf5551cc9ddff160dbc97e26f575337daf3385edaf4351dac8d34e2"
"04_复现代码\evidence_expansion_scripts\validate_gpcrdb_normalization_v2.py"	"7952"	"d2758f72da51f9a2175f06a7ce63fc324b0ce30770552c254fa7f8a043d96028"
"04_复现代码\evidence_expansion_scripts\validate_v61_premerge.py"	"6390"	"de15ce42b5a610e6c246f6115dfaa7fcbdad80bf2a0a3232683c91cb8730bcbd"
"04_复现代码\evidence_expansion_scripts\validate_v61_release_delta_preview.py"	"6209"	"2d2d413c69c39569c6529ff390afc2d462b4d798cce0a2617b0c3e588fd45e14"
"04_复现代码\membrane_master_release_reproducibility\scripts\build_v52_evidence_tiers.py"	"14542"	"8991735d6f981490bfdcabcddf4ea2da623e44db27544da6d577bb1568352f03"
"04_复现代码\membrane_master_release_reproducibility\scripts\build_v53_sequence_release.py"	"12189"	"812bf64124451aa7fcb0de9be043d0eed85b0d1195b765e9b2344c42d7e24f84"
"04_复现代码\membrane_master_release_reproducibility\scripts\build_v53_workbook.mjs"	"17333"	"126c1bf47d6b59e945a298b14b7180eebd2653d9fcc788630f48aba6fe604de2"
"04_复现代码\membrane_master_release_reproducibility\scripts\fetch_uniprot_sequences_v53.py"	"10602"	"c0bd70467c811989e3383f86306ddaf6b0779dc073b484d4cc87902aa1e6e60d"
"04_复现代码\membrane_master_release_reproducibility\scripts\validate_package_v53.py"	"15199"	"6cb93119884825a3c14f660d35a924491c848148087e6151aca5175261b1b2b0"
"04_复现代码\membrane_master_scripts\bootstrap_v5.py"	"1810"	"13a84a73e330c3d69dd385187a74495c681036ebfb4037b0bccb966a5cd8603c"
"04_复现代码\membrane_master_scripts\build_v5_master.py"	"53947"	"7cc8b7ec423fd934b06fa1092393520c62a20f1ae530b25a06e3693c443cd8a2"
"04_复现代码\membrane_master_scripts\build_v51_preliminary_review.py"	"32066"	"641ef24101fdf6c5887ad510b52b9c1320ef54fbd7f9c569c213aeb306540451"
"04_复现代码\membrane_master_scripts\build_v51_release.py"	"17753"	"c85e5a8177357b40d61d7579ea7bb75a721b4609135b9330ae67aa6d463bad51"
"04_复现代码\membrane_master_scripts\build_v52_evidence_tiers.py"	"14542"	"8991735d6f981490bfdcabcddf4ea2da623e44db27544da6d577bb1568352f03"
"04_复现代码\membrane_master_scripts\build_v53_sequence_release.py"	"12189"	"812bf64124451aa7fcb0de9be043d0eed85b0d1195b765e9b2344c42d7e24f84"
"04_复现代码\membrane_master_scripts\download_v5_sources.ps1"	"3608"	"700325139e21365fb5f979c04889edab658dd98d039ba6d3742f7901c1b2b8fa"
"04_复现代码\membrane_master_scripts\download_v51_aux_sources.py"	"4129"	"e0b191356685b4e90a2bfd4c35d6298376378ad5c33c7460c3a581f8ac4a4a1f"
"04_复现代码\membrane_master_scripts\download_v51_pdbe_mappings.py"	"9669"	"8396bea9715692713f42a752fc68e57b72c9bcd85bd980694a48d1d459765532"
"04_复现代码\membrane_master_scripts\download_v51_review_sources.py"	"5902"	"965d1d21cef9da444348b046322389ac654bc2a8448a97bbe0348dc0f931ce51"
"04_复现代码\membrane_master_scripts\fetch_uniprot_sequences_v53.py"	"10602"	"c0bd70467c811989e3383f86306ddaf6b0779dc073b484d4cc87902aa1e6e60d"
"04_复现代码\membrane_master_scripts\finalize_v51_review.py"	"10129"	"78de7ef1bd349511cb3901c5d5b26093917cc0b0e362c4c1eacc535be5366ee2"
"04_复现代码\membrane_master_scripts\package_v5_release.py"	"4922"	"d306280de4b4861570dc30557ebaf8565ab7eb8643196174e46288a3bc20e621"
"04_复现代码\membrane_master_scripts\validate_package_v51.py"	"9274"	"10e4ed5b9b19dc29ce3ebe696c438c96f8cb0b9cadbd2f7a485efecafaa63998"
"04_复现代码\membrane_master_scripts\validate_package_v52.py"	"9511"	"431a5eaa9dac40d593fb3d8a90db7e7dd7ac80cab7e75514666e4ebd3ca3c9b3"
"04_复现代码\membrane_master_scripts\validate_package_v53.py"	"15199"	"6cb93119884825a3c14f660d35a924491c848148087e6151aca5175261b1b2b0"
"04_复现代码\membrane_master_scripts\validate_v5.py"	"6079"	"5c8479ec57e78ead61301de761d6e59f6c49d04431bf5f350aedfca082bb540b"
"04_复现代码\membrane_master_scripts\write_v5_docs.py"	"17233"	"75a7af15ec81f816d829c0c3b0b6fa403d243dfd51565ebfb3fb8fc617e30ea2"
"04_复现代码\requirements_core.txt"	"533"	"6c7244824eea599f3717e045906ae8276698552c77ffb37bd6e6b35f7e715af9"
"04_复现代码\requirements_plotting_freeze.txt"	"1050"	"4ffd2b1acbc4b1498dd2815c65275eb28ad49e2d3a86f279077095e08b194ce1"
"04_复现代码\small_molecule_scripts\add_missing_binding_compounds_v1.py"	"3329"	"f3cf1e5037a78c14457fd3fe6e9b43c32db073467bb91672aa0af14b18a81d9b"
"04_复现代码\small_molecule_scripts\build_small_molecule_release_v1.py"	"75662"	"d758a4c135e35b75f0fe61e20f5883ba04bd6335c1390ce710f08ba6525d3922"
"04_复现代码\small_molecule_scripts\extract_chebi_mapping_v1.py"	"8494"	"cff5210eae2ae1bfcf4af9d254331d8241da45c3cf499acfa77518a95474b314"
"04_复现代码\small_molecule_scripts\extract_chembl37_structures_v1.py"	"2995"	"89db09ffaa0ca8ed21c4e0d0be3cf947ba5e8092ba4eec23d9a93d49a959c5f8"
"04_复现代码\small_molecule_scripts\fetch_chembl37_metadata_v1.py"	"9214"	"972a743a43334533fd0dbc135f385b01de0d1658d5350ccc2715da4e4ccc4338"
"04_复现代码\small_molecule_scripts\fetch_pubchem_missing_v1.py"	"5660"	"28a4578680b32983f6df929df69b2cdc9452b92579895d4bfa05708393d5d113"
"04_复现代码\small_molecule_scripts\inspect_small_molecule_release_v1.py"	"2142"	"c3f61b23522766ca7bfdf2d4dafaac0926f5dabf7c8fd3fff5b557f86eb4c3ef"
"04_复现代码\small_molecule_scripts\inventory_compounds_v1.py"	"5661"	"912c76740e697889744c2cabc499b7f7675ae5a319d557cb8791a9503e50fcaf"
"04_复现代码\small_molecule_scripts\package_small_molecule_release_v1.py"	"6038"	"10ac5fd1551dcd2ef57d2f3921769cee94ee3775bcaed0396483fbaa0108d247"
"04_复现代码\small_molecule_scripts\standardize_compound_structures_v1.py"	"17838"	"59596d20d60f339fe9d34f2ff4068404d0cc09bf73ad023f1402e98f1b04c2df"
"04_复现代码\v4_integration_scripts\bootstrap_v4.py"	"1874"	"ed11a29f2207c640252e34cbfcc4990c7b22cd2dde06732334ae84a8764779f6"
"04_复现代码\v4_integration_scripts\build_membrane_reference.py"	"17943"	"ca56bbb8d8251925fa4b1ae44755061d940315f4f55249fb366e39d5d3ce20b2"
"04_复现代码\v4_integration_scripts\derive_protein_sm_status.py"	"12893"	"f1e1d5e9a6392372290fb664ff9a190497c1d071103b3afab29239106dc4956f"
"04_复现代码\v4_integration_scripts\finalize_v4_release.py"	"2033"	"687da62b07911952b106c964bd3b204b71648fee1c5a21c750d20939fd612ee7"
"04_复现代码\v4_integration_scripts\integrate_bindingdb_index.py"	"3822"	"c9d3c34a15531d94753c774bbca6911d05f95d4a0d73b60646afdd7bac3bcbe3"
"04_复现代码\v4_integration_scripts\integrate_chembl_target_index.py"	"5654"	"0b1260b21f8e6bd1a6678b9253112148452626e4f3238bdd3e103c76f3e7ec3c"
"04_复现代码\v4_integration_scripts\integrate_gtopdb.py"	"9938"	"4eff99553dbfcf3ce0a19e59dc58baf9eb512d819363514ed5c835f3a48cfb36"
"04_复现代码\v4_integration_scripts\transform_current_v4.py"	"16455"	"d00c32675270297b57917d89e48a47c8548ccffa55925bf53328a7897928f226"
"04_复现代码\v4_integration_scripts\validate_and_package_v4.py"	"10281"	"9a6e8754f516947c7cc76b65264bcd3f28b81ce5229004c0a921bbd53cc07c93"
"05_质量控制\COPIED_RELEASE_HASH_VALIDATION.json"	"149"	"7636a79a43fef31d5c7a7ec0d9ef6b3a006ae5b2ca7591ec0c1b467a591f6c24"
"05_质量控制\COPIED_RELEASE_HASH_VALIDATION.tsv"	"6483"	"8687d4fe4e85e465722a65d24c97e7c8802cf6449eef7d3ee24f0d43b8bb88e3"
"05_质量控制\incremental_run_qa\BRENDA_COMPOUND_IDENTITY_QUEUE_V3_QA.json"	"583"	"e59781c2f179866bb441721c21f7fa7d284e09d5b12866bdaa2c2d4f7a34d985"
"05_质量控制\incremental_run_qa\BRENDA_NORMALIZATION_V3_QA.json"	"3314"	"a39a364eb7521d9e00a90c0e9cc27728cb19165ace7b349224ebf729e31bc955"
"05_质量控制\incremental_run_qa\INCREMENTAL_EVIDENCE_BUILD_V6_QA.json"	"3597"	"f5c1eb8b3a559dfeec0d55d697d56ffcda12f135bb2f1dbb9aee86c855986152"
"05_质量控制\incremental_run_qa\INCREMENTAL_MASTER_BUILD_V6_QA.json"	"1287"	"469270b759195e6c47352b59e52edb0112d131a27236d141a71d2683a4e52b24"
"05_质量控制\incremental_run_qa\INCREMENTAL_PREFLIGHT_V4_QA.json"	"3842"	"5b987ba7f43310e718f04abc64f9a8785e8edd64ed63a8d4d8eae1cd7aaf0209"
"05_质量控制\incremental_run_qa\PDBBIND_NORMALIZATION_V3_QA.json"	"1502"	"a8dcee36dcfc99f59abc0ee320aa35391671d3ccfcf9c72046b1bed0bdfacaf1"
"05_质量控制\incremental_run_qa\PDBE_NORMALIZATION_V3_QA.json"	"1423"	"9cc7552dbf469269ec914f0c6a3171254e5c84eec53886d270f80c80f83eafc0"
"05_质量控制\incremental_run_qa\PIPELINE_V6_STATUS.json"	"183"	"59dc83ca6ee3a08f2491aaadfe14c16bc890dc23343613ef20c851e1fe2816d1"
"05_质量控制\incremental_run_qa\PRE_PUBCHEM_INCREMENTAL_DELTA_V3_QA.json"	"821"	"58cb4cad37e6e3c49a328ba7791c5561fda46726cbb14691333676c890440520"
"05_质量控制\incremental_run_qa\PUBCHEM_NORMALIZATION_V3_PROGRESS.json"	"671"	"a3f5a574f99f20cee29e0773ea8377cccd085b55fb7dc8bc5ae5b53e055cbc6b"
"05_质量控制\incremental_run_qa\V6_VALIDATION_REPORT.json"	"955"	"0b6a689ffb2a1946794a35d4a58c7f95d2c5889e0c8e4666a36b8f39c227db73"
"05_质量控制\v62_completion_qa\EXPRESSION_LOCATION_V2_PROGRESS.json"	"773"	"b7d845a964787b32299961723350d7fe822cb6617d635e0de907ed2d5aad4149"
"05_质量控制\v62_completion_qa\EXPRESSION_LOCATION_V2_VALIDATION.json"	"5518"	"2a4cbbdcadea1e983f351eb35b9e50dc563aa4607aac32af0d503943bb268a4f"
"05_质量控制\v62_completion_qa\HPA_V25_1_DOWNLOAD_PROGRESS.json"	"3813"	"efbb9f5b22c8f2c30401e4001a11f62233645b9bf28fb407d1b730aa8ca9a889"
"05_质量控制\v62_completion_qa\NEGATIVE_CID_FETCH_V62_PROGRESS.json"	"608"	"f9fbbe9e68dcd9e00c1829a0d815072c121ce39e2f91f627a0c861a553f647cc"
"05_质量控制\v62_completion_qa\NEGATIVE_CID_INVENTORY_V62_PROGRESS.json"	"934"	"f84c1ae5a98e315d02288c35e667483cd78146b71475a68c8c35c50f4c2cfd1b"
"05_质量控制\v62_completion_qa\NEGATIVE_EVIDENCE_RESOLUTION_V62_PROGRESS.json"	"523"	"c6ae92859d410b06729ad0152d54c9fd774d7eb029f6503cee61de27729bb579"
"05_质量控制\v62_completion_qa\NEGATIVE_EVIDENCE_RESOLUTION_V62_VALIDATION.json"	"3262"	"e60b74f511e4c2133dce87f935241c5b7444cf72262292a5086f3eff314fae98"
"05_质量控制\v62_completion_qa\SUBUNIT_ASSEMBLY_V2_PROGRESS.json"	"290"	"98a076ec27565a31e685ba32bacc4bcc9bb8e80665960f7712445060f80efc07"
"05_质量控制\v62_completion_qa\SUBUNIT_ASSEMBLY_V2_VALIDATION.json"	"4102"	"646ea7032daa8f9ea78223dd0a295ea86609d54a1a9fc4d0b7c62982305568b5"
"05_质量控制\v62_completion_qa\V62_FORMAL_BUILD_PROGRESS.json"	"1462"	"aab21177288e3017ef1e6b32dd000266ce2f8f32a6169421552ce7dd59f80917"
"05_质量控制\v62_completion_qa\V62_PREFLIGHT_QA_GATE.json"	"687"	"4f5454fa60eeb9f9ea00271316e12de359b6cb21bd2233a645e7f2c4a74bbadf"
"05_质量控制\v62_completion_qa\V62_STRATIFIED_VALIDATION_SAMPLE.tsv"	"68787"	"9fa40a138397b8ef3aec669ffb28fa9ef5ca626f8feb8fcf227d4197b6c761aa"
"05_质量控制\v62_completion_qa\V62_VALIDATION_REPORT.json"	"586"	"d4ed8fb17f77f258e2cb033c20ad69069b1c29938521646404ac621dbd731611"
"06_清单与哈希\PACKAGE_VALIDATION.json"	"888"	"ec3cce6201b69b8c88004070251b7b21aadce13711e2b753157694279a77a41a"
"06_清单与哈希\README.md"	"377"	"fd8bf92e51b00c3c75d5e3f31f4c59ebf91e3c092c8984d7321e9c0eda3644f4"
"06_清单与哈希\TREE.txt"	"18341"	"8bb0beb8545fb5eeb8d5f53f527fc762f1ef2f7d49129608514b05bd34f6f9db"
"README_先看这里.md"	"2294"	"9a38e3873273e5be42893d5b023849614c35032c5923a808d4badc3d02f1659c"
