source_id	module	source_database	source_version	release_or_retrieval_date	record_scope	historical_snapshot_status	legacy_parser_or_workflow
bindingdb	binding_evidence	BindingDB	2026-07	retained per-record metadata	V7.2 public positive evidence source contribution	HISTORICAL_SNAPSHOT_NOT_IN_CURRENT_PACKAGE	legacy_handoff/06_QA_AND_RELEASE_HISTORY/04_复现代码/v4_integration_scripts/integrate_bindingdb_index.py
biolip	binding_evidence	BioLiP	v3.1 legacy snapshot	retained per-record metadata	V7.2 public positive evidence source contribution	HISTORICAL_SNAPSHOT_NOT_IN_CURRENT_PACKAGE	NOT_RETAINED
chembl	binding_evidence	ChEMBL	ChEMBL 37; v3.1 legacy snapshot	retained per-record metadata	V7.2 public positive evidence source contribution	HISTORICAL_SNAPSHOT_NOT_IN_CURRENT_PACKAGE	legacy_handoff/06_QA_AND_RELEASE_HISTORY/04_复现代码/v4_integration_scripts/integrate_chembl_target_index.py
drugcentral	binding_evidence	DrugCentral	GPCRdb retrieval 2026-07-27; v3.1 legacy snapshot	retained per-record metadata	V7.2 public positive evidence source contribution	HISTORICAL_SNAPSHOT_NOT_IN_CURRENT_PACKAGE	NOT_RETAINED
gtopdb	binding_evidence	IUPHAR/BPS Guide to PHARMACOLOGY	2026.2; GPCRdb retrieval 2026-07-27	retained per-record metadata	V7.2 public positive evidence source contribution	HISTORICAL_SNAPSHOT_NOT_IN_CURRENT_PACKAGE	NOT_RETAINED
pdbbind	binding_evidence	PDBbind	2020.R1 reprocessed 2024; v3.1 legacy snapshot	retained per-record metadata	V7.2 public positive evidence source contribution	HISTORICAL_SNAPSHOT_NOT_IN_CURRENT_PACKAGE	NOT_RETAINED
pdbe	binding_evidence	PDBe	current 2026-07	retained per-record metadata	V7.2 public positive evidence source contribution	HISTORICAL_SNAPSHOT_NOT_IN_CURRENT_PACKAGE	legacy_handoff/04_CODE/C_USER_ROOT_SCRIPTS/map_pdb_ligand_codes_to_pubchem.py
pdsp_kidatabase	binding_evidence	PDSP KiDatabase	GPCRdb retrieval 2026-07-27	retained per-record metadata	V7.2 public positive evidence source contribution	HISTORICAL_SNAPSHOT_NOT_IN_CURRENT_PACKAGE	NOT_RETAINED
pubchem_bioassay	binding_evidence	PubChem BioAssay	current 2026-07; v3.1 legacy snapshot	retained per-record metadata	V7.2 public positive evidence source contribution	HISTORICAL_SNAPSHOT_NOT_IN_CURRENT_PACKAGE	legacy_handoff/06_QA_AND_RELEASE_HISTORY/04_复现代码/evidence_expansion_scripts/run_pubchem_remaining_v61.py
sc_pdb	binding_evidence	sc-PDB	v3.1 legacy snapshot	retained per-record metadata	V7.2 public positive evidence source contribution	HISTORICAL_SNAPSHOT_NOT_IN_CURRENT_PACKAGE	NOT_RETAINED
uniprotkb	protein_annotation	UniProtKB	2026_02	frozen snapshot	canonical human protein identity, sequence and curated annotation	HISTORICAL_SNAPSHOT_NOT_IN_CURRENT_PACKAGE	legacy_handoff/04_CODE/C_USER_ROOT_SCRIPTS/v7_fetch_all_uniprot_features.py
hpa	protein_annotation	Human Protein Atlas	25.1	frozen snapshot	normal tissue/cell RNA, IHC, tissue MS and subcellular localization	HISTORICAL_SNAPSHOT_NOT_IN_CURRENT_PACKAGE	legacy_handoff/06_QA_AND_RELEASE_HISTORY/04_复现代码/evidence_expansion_scripts/download_hpa_v62.py
gene_ontology	protein_annotation	Gene Ontology	2026-06-15	frozen snapshot	molecular function and biological process	HISTORICAL_SNAPSHOT_NOT_IN_CURRENT_PACKAGE	NOT_RETAINED
interpro	protein_annotation	InterPro	snapshot 2026-08-03	2026-08-03	family and superfamily annotation	HISTORICAL_SNAPSHOT_NOT_IN_CURRENT_PACKAGE	NOT_RETAINED
pfam	protein_annotation	Pfam	snapshot 2026-08-03	2026-08-03	fallback structural-family annotation	HISTORICAL_SNAPSHOT_NOT_IN_CURRENT_PACKAGE	NOT_RETAINED
reactome	protein_annotation	Reactome	97	frozen snapshot	pathway hierarchy	HISTORICAL_SNAPSHOT_NOT_IN_CURRENT_PACKAGE	NOT_RETAINED
mondo	disease_ontology	MONDO	2026-07-06	2026-07-06	canonical disease identity and exact cross-references	HISTORICAL_SNAPSHOT_NOT_IN_CURRENT_PACKAGE	NOT_RETAINED
disease_ontology	disease_ontology	Disease Ontology	2026-07-31	2026-07-31	disease hierarchy and anatomical derivation support	HISTORICAL_SNAPSHOT_NOT_IN_CURRENT_PACKAGE	NOT_RETAINED
uberon	anatomy_ontology	Uberon	frozen OBO snapshot	frozen snapshot	multi-label disease-anatomy mapping	HISTORICAL_SNAPSHOT_NOT_IN_CURRENT_PACKAGE	NOT_RETAINED
open_targets	disease_evidence	Open Targets Platform	26.06	2026-06	target-disease evidence channels and therapeutic areas	HISTORICAL_SNAPSHOT_NOT_IN_CURRENT_PACKAGE	NOT_RETAINED
uniprot_disease	disease_evidence	UniProtKB disease annotation	2026_02	frozen snapshot	curated protein-disease annotation	HISTORICAL_SNAPSHOT_NOT_IN_CURRENT_PACKAGE	legacy_handoff/04_CODE/C_USER_ROOT_SCRIPTS/fetch_uniprot_disease_v54.py
alphafold	structure_model	AlphaFold Protein Structure Database	model version 6	metadata retrieved 2026-08	predicted protein models and pLDDT confidence	HISTORICAL_SNAPSHOT_NOT_IN_CURRENT_PACKAGE	legacy_handoff/04_CODE/D_finale_CODE_AND_DOCS/MemPro_M1_M8_AGENT_REPRO_20260806/08_reproducibility/scripts/fetch_alphafold_confidence.py
mempro	derived_annotation	MemPro	V7.2.1	2026-08-19	provenance normalization, chemical classes, role inference and B/C orientation	DERIVED_FROM_FROZEN_FORMAL_TABLES	workflow/W01-W04
htp	membrane_identity	Human Transmembrane Proteome (HTP)	HTP D2.2	2026-07-24	formal canonical protein with HTP transmembrane flag	HISTORICAL_SNAPSHOT_NOT_IN_CURRENT_PACKAGE	NOT_RETAINED
membranome	membrane_identity	Membranome	version not exposed; retrieval-dated API snapshot	2026-07-24	formal canonical protein with Membranome segment flag	SNAPSHOT_PRESENT	legacy_handoff/04_CODE/D_7.22_CODE_AND_DOCS/membrane_master_v5_working/raw/membranome_main.js
pdbtm	membrane_structure_evidence	PDBTM	UniTmp/PDBTM retrieval-dated XML snapshot	2026-07-24	formal canonical protein with PDBTM flag	HISTORICAL_SNAPSHOT_NOT_IN_CURRENT_PACKAGE	NOT_RETAINED
opm	membrane_structure_evidence	OPM	version not exposed; retrieval-dated API snapshot	2026-07-24	formal canonical protein with OPM integral or peripheral flag	SNAPSHOT_PRESENT	legacy_handoff/04_CODE/D_7.22_CODE_AND_DOCS/membrane_master_v5_working/raw/opm_main.js
